,prot_1,prot_2,counts
0,mycofact_rSAM,Mycofactocin_RRE,607
1,Mycofactocin_RRE,mycofactocin,576
2,mycofact_rSAM,mycofactocin,551
3,actino_HemFlav,mycofact_rSAM,354
4,actino_HemFlav,Mycofactocin_RRE,347
5,actino_HemFlav,mycofactocin,320
6,Mycofactocin_RRE,mycofact_creat,309
7,mycofact_rSAM,mycofact_creat,301
8,mycofactocin,mycofact_creat,294
9,mycofact_glyco,Mycofactocin_RRE,219
10,actino_HemFlav,mycofact_creat,219
11,mycofact_glyco,mycofactocin,213
12,mycofact_glyco,mycofact_rSAM,210
13,Mycofactocin_RRE,SDR_subfam_1,171
14,mycofact_creat,mycofact_glyco,166
15,mycofact_rSAM,SDR_subfam_1,160
16,mycofactocin,SDR_subfam_1,159
17,actino_HemFlav,mycofact_glyco,119
18,SDR_subfam_1,actino_HemFlav,99
19,Mycofactocin_RRE,SDR_subfam_2,97
20,mycofact_rSAM,SDR_subfam_2,96
21,Pyr_redox_2,mycofact_rSAM,94
22,Pyr_redox_2,Mycofactocin_RRE,93
23,mycofactocin,SDR_subfam_2,91
24,Pyr_redox_2,mycofactocin,90
25,mycofact_OYE_2,Mycofactocin_RRE,83
26,SDR_subfam_1,SDR_subfam_1,83
27,mycofact_OYE_2,mycofact_rSAM,82
28,SDR_subfam_1,mycofact_creat,82
29,mycofact_OYE_2,mycofactocin,80
30,mycofact_OYE_1,mycofact_rSAM,79
31,mycofact_OYE_1,Mycofactocin_RRE,79
32,mycofact_OYE_1,mycofactocin,78
33,Reductase_C,Mycofactocin_RRE,76
34,Pyr_redox_2,Reductase_C,76
35,Reductase_C,mycofact_rSAM,75
36,mycofact_creat,SDR_subfam_2,75
37,Reductase_C,mycofactocin,73
38,Pyr_redox_2,actino_HemFlav,72
39,mycofact_rSAM,Rv0697,69
40,Mycofactocin_RRE,Rv0697,69
41,mycofactocin,Rv0697,68
42,Mycofactocin_RRE,GerE,65
43,mycofact_glyco,Rv0697,65
44,mycofact_rSAM,GerE,63
45,Response_reg,GerE,62
46,Mycofactocin_RRE,Response_reg,62
47,mycofactocin,GerE,62
48,Reductase_C,actino_HemFlav,61
49,actino_HemFlav,SDR_subfam_2,60
50,mycofact_rSAM,Response_reg,60
51,Pyr_redox_2,mycofact_creat,59
52,SDR_subfam_2,mycofact_glyco,59
53,mycofact_OYE_2,mycofact_OYE_1,59
54,mycofactocin,Response_reg,59
55,mycofact_rSAM,TetR_N,58
56,mycofactocin,TetR_N,58
57,Mycofactocin_RRE,TetR_N,58
58,Reductase_C,mycofact_creat,52
59,ETF_alpha,mycofact_OYE_2,48
60,ETF_alpha,Mycofactocin_RRE,46
61,ETF_alpha,mycofactocin,45
62,ETF_alpha,mycofact_rSAM,44
63,mycofact_creat,Rv0697,42
64,SDR_subfam_1,VWA_2,41
65,Mycofactocin_RRE,HisKA_3,41
66,mycofact_rSAM,HisKA_3,40
67,mycofact_glyco,TetR_N,39
68,actino_HemFlav,GerE,38
69,GerE,HisKA_3,38
70,Response_reg,HisKA_3,38
71,Mycofactocin_RRE,DNA_alkylation,36
72,mycofact_creat,GerE,36
73,mycofact_rSAM,DNA_alkylation,35
74,mycofactocin,DNA_alkylation,35
75,mycofactocin,HisKA_3,35
76,ETF,mycofact_OYE_2,35
77,Rv0697,TetR_N,35
78,actino_HemFlav,Response_reg,35
79,SDR_subfam_1,Pyr_redox_2,34
80,Pyr_redox_2,mycofact_glyco,34
81,SDR_subfam_1,mycofact_glyco,33
82,mycofact_rSAM,Fe-ADH,32
83,GG-red-SF,mycofact_OYE_2,32
84,ETF,mycofact_rSAM,32
85,ETF,mycofactocin,32
86,ETF,Mycofactocin_RRE,32
87,ETF_alpha,mycofact_OYE_1,32
88,ETF,ETF_alpha,32
89,SDR_subfam_1,AAA_5,32
90,mycofact_creat,Response_reg,32
91,Mycofactocin_RRE,Fe-ADH,32
92,GG-red-SF,ETF_alpha,31
93,GG-red-SF,Mycofactocin_RRE,30
94,mycofact_creat,TetR_N,30
95,GG-red-SF,mycofactocin,29
96,GG-red-SF,mycofact_rSAM,28
97,actino_HemFlav,Rv0697,28
98,HisKA_3,Fe-ADH,27
99,Mycofactocin_RRE,mycofact_TetR,27
100,mycofact_rSAM,mycofact_TetR,27
101,Mycofactocin_RRE,AAA_5,27
102,Reductase_C,mycofact_glyco,26
103,SDR_subfam_1,Reductase_C,26
104,Pyr_redox_2,Rv0697,26
105,mycofactocin,mycofact_TetR,26
106,mycofact_rSAM,AAA_5,26
107,SDR_subfam_1,marine_srt_targ,25
108,Response_reg,Fe-ADH,25
109,mycofactocin,Fe-ADH,25
110,actino_HemFlav,HisKA_3,25
111,Mycofactocin_RRE,HTH_AsnC-type,24
112,mycofact_rSAM,HTH_AsnC-type,24
113,mycofactocin,HTH_AsnC-type,24
114,DNA_alkylation,Pyr_redox_2,24
115,GerE,Fe-ADH,24
116,actino_HemFlav,HTH_AsnC-type,24
117,ETF,mycofact_OYE_1,23
118,Pyr_redox_2,HTH_AsnC-type,23
119,actino_HemFlav,mycofact_OYE_1,23
120,mycofactocin,AAA_5,22
121,actino_HemFlav,mycofact_TetR,22
122,mycofact_OYE_2,mft_etfB,22
123,mycofact_creat,HTH_AsnC-type,22
124,mycofact_glyco,GerE,22
125,actino_HemFlav,TetR_N,22
126,ETF,GG-red-SF,21
127,AAA_5,actino_HemFlav,21
128,mycofact_glyco,GMC_mycofac_2,21
129,ETF_alpha,mft_etfB,21
130,GG-red-SF,mft_etfB,21
131,mycofactocin,mft_etfB,21
132,Mycofactocin_RRE,mft_etfB,21
133,mycofact_glyco,DNA_alkylation,20
134,mycofact_glyco,Response_reg,20
135,mycofact_rSAM,mft_etfB,20
136,Mycofactocin_RRE,Rxyl_3153,20
137,TetR_N,TetR_C_11,19
138,mycofactocin,GMC_mycofac_2,19
139,mycofactocin,TetR_C_11,19
140,mycofact_rSAM,TetR_C_11,19
141,Reductase_C,Rv0697,19
142,Reductase_C,HTH_AsnC-type,19
143,actino_HemFlav,DNA_alkylation,19
144,SDR_subfam_1,DNA_alkylation,19
145,Mycofactocin_RRE,GMC_mycofac_2,19
146,Mycofactocin_RRE,TetR_C_11,18
147,mycofactocin,Fer4,18
148,mycofactocin,MarR,18
149,Mycofactocin_RRE,MarR,18
150,mycofact_rSAM,MarR,18
151,actino_HemFlav,MarR,18
152,mycofact_rSAM,VWA_CoxE,18
153,Mycofactocin_RRE,VWA_CoxE,18
154,mycofactocin,Rxyl_3153,18
155,mycofact_TetR,mycofact_creat,18
156,Mycofactocin_RRE,Aldedh,18
157,Mycofactocin_RRE,Fer4,18
158,mycofact_rSAM,GMC_mycofac_2,17
159,mycofact_rSAM,Aldedh,17
160,mycofact_OYE_1,SDR_subfam_1,17
161,mycofact_rSAM,glut_race,17
162,mycofact_rSAM,Fer4,17
163,Mycofactocin_RRE,VWA_2,17
164,mycofact_OYE_2,mycofact_glyco,17
165,Aldedh,mycofactocin,17
166,mycofact_creat,mycofact_OYE_2,17
167,Mycofactocin_RRE,glut_race,17
168,mycofact_rSAM,Rxyl_3153,17
169,mycofact_creat,GMC_mycofac_2,17
170,mycofact_OYE_1,GG-red-SF,17
171,mycofactocin,Fer4_2,16
172,mycofact_creat,HisKA_3,16
173,HTH_AsnC-type,MarR,16
174,Pyr_redox_2,TetR_N,16
175,mycofact_creat,MarR,16
176,ETF_alpha,Fer4,16
177,Mycofactocin_RRE,Fer4_2,16
178,GG-red-SF,Fer4,16
179,Fer4_2,Fer4,16
180,Mycofactocin_RRE,FAD_binding_3,16
181,mycofact_rSAM,adh_short_C2,16
182,Mycofactocin_RRE,adh_short_C2,16
183,ETF,mft_etfB,16
184,mycofact_OYE_2,SDR_subfam_2,16
185,mycofact_OYE_1,SDR_subfam_2,16
186,mycofact_glyco,TetR_C_11,16
187,mycofact_OYE_1,mft_etfB,16
188,mycofact_rSAM,FAD_binding_3,16
189,mycofact_rSAM,Fer4_2,15
190,SDR_subfam_2,GerE,15
191,Reductase_C,TetR_N,15
192,Rv0697,TetR_C_11,15
193,actino_HemFlav,Fe-ADH,15
194,Pyr_redox_2,MarR,15
195,mycofactocin,FAD_binding_3,15
196,SDR_subfam_1,mycofact_OYE_2,15
197,DNA_alkylation,Reductase_C,15
198,Fer4,mft_etfB,15
199,mycofactocin,VWA_2,15
200,actino_HemFlav,Sigma70_r4,14
201,mycofact_TetR,mycofact_glyco,14
202,Mycofactocin_RRE,Sigma70_r4,14
203,SDR_subfam_1,MCM,14
204,HTH_AsnC-type,Sigma70_r4,14
205,mycofact_rSAM,Sigma70_r4,14
206,VWA_CoxE,actino_HemFlav,14
207,mycofactocin,VWA_CoxE,14
208,mycofactocin,Sigma70_r4,14
209,mycofact_rSAM,VWA_2,14
210,ETF_alpha,SDR_subfam_2,14
211,mycofact_OYE_2,Fer4,14
212,actino_HemFlav,mycofact_OYE_2,14
213,SDR_subfam_2,Response_reg,14
214,mft_etfB,SDR_subfam_2,14
215,glut_race,Pyr_redox_2,14
216,GG-red-SF,SDR_subfam_2,14
217,mycofactocin,glut_race,13
218,GAF_2,mycofact_rSAM,13
219,GAF_2,Mycofactocin_RRE,13
220,mycofact_OYE_1,Fer4,13
221,mycofact_rSAM,HATPase_c_2,13
222,Mycofactocin_RRE,HATPase_c_2,13
223,Pyr_redox_2,Sigma70_r4,13
224,Reductase_C,MarR,13
225,MarR,Sigma70_r4,13
226,mycofact_creat,Fe-ADH,13
227,TetR_N,SDR_subfam_1,13
228,Aldedh,mycofact_creat,13
229,AAA_5,VWA_2,13
230,mycofact_MftB,mycofactocin,13
231,mycofactocin,adh_short_C2,13
232,Mycofactocin_RRE,AMP-binding,13
233,mycofact_OYE_1,mycofact_creat,13
234,ETF_alpha,Fer4_2,13
235,GG-red-SF,Fer4_2,13
236,mycofact_glyco,glut_race,12
237,mycofact_creat,Sigma70_r4,12
238,mycofactocin,AMP-binding,12
239,SDR_subfam_1,GMC_mycofac_2,12
240,AAA_5,VWA_CoxE,12
241,Fer4_2,mft_etfB,12
242,mycofact_rSAM,AMP-binding,12
243,Rxyl_3153,actino_HemFlav,12
244,Aldedh,mycofact_glyco,12
245,Fer4,SDR_subfam_2,12
246,HisKA_3,HATPase_c_2,11
247,DNA_alkylation,glut_race,11
248,GerE,HATPase_c_2,11
249,Reductase_C,Sigma70_r4,11
250,ETF,SDR_subfam_2,11
251,ETF,Fer4,11
252,EAL,Mycofactocin_RRE,11
253,AAA_5,mycofact_creat,11
254,Aldedh,actino_HemFlav,11
255,am_tr_V_VC1184,Mycofactocin_RRE,11
256,am_tr_V_VC1184,mycofactocin,11
257,mycofact_rSAM,mycofact_MftB,11
258,mycofact_creat,DNA_alkylation,11
259,mycofactocin,HATPase_c_2,11
260,actino_HemFlav,GMC_mycofac_2,11
261,mycofactocin,adh_short,11
262,mycofactocin,AMP-binding_C,11
263,AMP-binding,AMP-binding_C,11
264,Mycofactocin_RRE,adh_short,11
265,mycofact_OYE_2,Fer4_2,11
266,mycofact_rSAM,SHOCT,10
267,DNA_alkylation,GMC_mycofac_2,10
268,mycofact_rSAM,adh_short,10
269,AAA_16,actino_HemFlav,10
270,mycofactocin,GAF_2,10
271,VWA_2,actino_HemFlav,10
272,mycofactocin,EAL,10
273,Mycofactocin_RRE,AMP-binding_C,10
274,Response_reg,HATPase_c_2,10
275,mycofact_OYE_1,Fer4_2,10
276,AAA_5,MCM,10
277,Mycofactocin_RRE,SHOCT,10
278,mycofact_OYE_1,mycofact_glyco,10
279,Fer4_2,SDR_subfam_2,10
280,Mycofactocin_RRE,MCM,10
281,TetR_N,mycofact_TetR,10
282,actino_HemFlav,adh_short_C2,9
283,Pyr_redox_2,HTH_Tnp_ISL3,9
284,actino_HemFlav,HATPase_c_2,9
285,Mycofactocin_RRE,betaine_BetI,9
286,Mycofactocin_RRE,adk,9
287,actino_HemFlav,HTH_Tnp_ISL3,9
288,mycofactocin,HTH_Tnp_ISL3,9
289,ETF,Fer4_2,9
290,Mycofactocin_RRE,HTH_Tnp_ISL3,9
291,GerE,mycofact_OYE_1,9
292,mycofact_rSAM,marine_srt_targ,9
293,mycofact_rSAM,adk,9
294,omega_3_PfaA,PS-DH,9
295,mycofact_rSAM,HTH_Tnp_ISL3,9
296,mycofact_rSAM,NDMA_methanol,9
297,Response_reg,mycofact_OYE_1,9
298,TetR_N,betaine_BetI,9
299,mycofact_creat,HTH_Tnp_ISL3,9
300,omega_3_PfaA,PP-binding,9
301,EAL,mycofact_rSAM,9
302,Docking,omega_3_PfaA,9
303,Docking,PP-binding,9
304,SDR_subfam_1,DUF2201,9
305,mycofactocin,cyc_hxne_CoA_dh,9
306,GAF,mycofact_rSAM,9
307,actino_HemFlav,SHOCT,9
308,mycofactocin,betaine_BetI,9
309,mycofact_rSAM,AMP-binding_C,9
310,PP-binding,mycofact_rSAM,9
311,PP-binding,Mycofactocin_RRE,9
312,mycofact_rSAM,betaine_BetI,9
313,mycofact_rSAM,am_tr_V_VC1184,9
314,HTH_Tnp_ISL3,HTH_AsnC-type,9
315,mycofact_creat,SHOCT,9
316,PS-DH,PP-binding,9
317,mycofact_creat,TetR_C_11,9
318,mycofactocin,SHOCT,9
319,Rxyl_3153,mycofact_glyco,9
320,Docking,PS-DH,9
321,Reductase_C,HTH_Tnp_ISL3,9
322,mycofactocin,adk,9
323,EF-Tu,EF-G,8
324,Mycofactocin_RRE,marine_srt_targ,8
325,Mycofactocin_RRE,EF-G,8
326,actino_HemFlav,adh_short,8
327,Mycofactocin_RRE,EF-Tu,8
328,mycofact_creat,AsnC_trans_reg,8
329,mycofact_creat,adh_short_C2,8
330,mycofact_rSAM,AHSA1,8
331,Mycofactocin_RRE,NDMA_methanol,8
332,actino_HemFlav,AsnC_trans_reg,8
333,Mycofactocin_RRE,AHSA1,8
334,mycofactocin,AHSA1,8
335,MCM,VWA_2,8
336,mycofact_rSAM,EF-Tu,8
337,efflux_Bcr_CflA,mycofact_creat,8
338,Mycofactocin_RRE,efflux_Bcr_CflA,8
339,Pyr_redox_2,SHOCT,8
340,mycofactocin,efflux_Bcr_CflA,8
341,HTH_AsnC-type,AsnC_trans_reg,8
342,SDR_subfam_1,SHOCT,8
343,Pyr_redox_2,AsnC_trans_reg,8
344,mycofactocin,AsnC_trans_reg,8
345,mycofact_rSAM,MCM,8
346,VWA_2,marine_srt_targ,8
347,Mycofactocin_RRE,AsnC_trans_reg,8
348,mycofact_rSAM,AsnC_trans_reg,8
349,Mycofactocin_RRE,cyc_hxne_CoA_dh,8
350,mycofact_rSAM,EF-G,8
351,mycofact_rSAM,AAA_16,8
352,mycofact_creat,Rxyl_3153,8
353,Rv0697,glut_race,8
354,PGDH,mycofactocin,8
355,mycofactocin,GAF,8
356,GAF,Mycofactocin_RRE,8
357,mycofactocin,Isochorismatase,8
358,actino_HemFlav,mycofact_MftB,8
359,Mycofactocin_RRE,Isochorismatase,8
360,GAF_2,actino_HemFlav,8
361,HTH_30,Mycofactocin_RRE,8
362,HisKA_3,GAF_2,8
363,VWA_CoxE,mycofact_glyco,8
364,SDR_subfam_1,Mg_chelatase,8
365,Rv0697,DNA_alkylation,8
366,actino_HemFlav,EF-Tu,8
367,actino_HemFlav,EF-G,8
368,mycofactocin,MCM,8
369,mycofact_rSAM,cyc_hxne_CoA_dh,8
370,HATPase_c_2,Fe-ADH,8
371,mycofactocin,Rv1155_F420,7
372,GAF_2,GerE,7
373,mycofactocin,PP-binding,7
374,mycofact_OYE_2,Rxyl_3153,7
375,marine_srt_targ,actino_HemFlav,7
376,actino_HemFlav,betaine_BetI,7
377,mycofact_creat,HATPase_c_2,7
378,mycofact_glyco,Ac_CoA_lig_AcsA,7
379,mycofact_rSAM,drrA,7
380,mycofactocin,phoR_proteo,7
381,Mycofactocin_RRE,drrA,7
382,GAF_2,Response_reg,7
383,GAF,mycofact_glyco,7
384,mycofact_OYE_1,HisKA_3,7
385,Reductase_C,SHOCT,7
386,AA-adenyl-dom,alpha_am_amid,7
387,mycofactocin,Ac_CoA_lig_AcsA,7
388,Condensation,alpha_am_amid,7
389,Condensation,AA-adenyl-dom,7
390,mycofactocin,marine_srt_targ,7
391,PGDH,Mycofactocin_RRE,7
392,mycofact_rSAM,phoR_proteo,7
393,mycofact_glyco,adk,7
394,DUF222,actino_HemFlav,7
395,mycofactocin,HTH_31,7
396,DUF222,mycofact_rSAM,7
397,Mycofactocin_RRE,Ac_CoA_lig_AcsA,7
398,VWA_2,mycofact_creat,7
399,AAA_5,mycofact_glyco,7
400,DUF222,Mycofactocin_RRE,7
401,DUF222,mycofactocin,7
402,Mycofactocin_RRE,Rv1155_F420,7
403,HTH_AsnC-type,SDR_subfam_1,7
404,mycofactocin,greA,7
405,mycofactocin,AAA_16,7
406,mycofact_rSAM,greA,7
407,actino_HemFlav,HTH_31,7
408,SDR_subfam_1,ETF_alpha,7
409,actino_HemFlav,TetR_C_11,7
410,mycofact_rSAM,NUDIX,7
411,mycofact_rSAM,HTH_31,7
412,VWA_CoxE,mycofact_creat,7
413,HTH_38,mycofact_rSAM,7
414,HTH_38,Mycofactocin_RRE,7
415,Mycofactocin_RRE,HTH_31,7
416,Ac_CoA_lig_AcsA,adk,7
417,PGDH,mycofact_rSAM,7
418,Mycofactocin_RRE,phoR_proteo,7
419,mycofactocin,betA,7
420,Mycofactocin_RRE,betA,7
421,mycofactocin,MarR_2,7
422,actino_HemFlav,NDMA_methanol,7
423,mycofactocin,HTH_20,7
424,mycofact_creat,EF-Tu,7
425,Mycofactocin_RRE,HTH_20,7
426,mycofact_creat,EF-G,7
427,KR,PP-binding,7
428,SDR_subfam_1,gas_vesic_GvpN,7
429,Mycofactocin_RRE,MarR_2,7
430,VWA_CoxE,NDMA_methanol,7
431,mycofact_rSAM,HTH_20,7
432,mycofact_rSAM,betA,7
433,mycofactocin,EF-G,7
434,mycofactocin,EF-Tu,7
435,mycofact_rSAM,MarR_2,7
436,mycofact_creat,betA,7
437,mycofact_glyco,betA,7
438,AAA_5,marine_srt_targ,7
439,Mycofactocin_RRE,MFS_1,7
440,Mycofactocin_RRE,ECH_1,7
441,mycofact_rSAM,Ac_CoA_lig_AcsA,7
442,actino_HemFlav,cyc_hxne_CoA_dh,7
443,Mycofactocin_RRE,AAA_16,7
444,mycofact_rSAM,MFS_1,7
445,mycofactocin,ECH_1,7
446,SDR_subfam_1,ECH_1,7
447,Fe-ADH,VWA_CoxE,7
448,Mycofactocin_RRE,Trans_reg_C,6
449,Methyltransf_23,mycofactocin,6
450,SDR_subfam_1,PaaC-3OHAcCoADH,6
451,mycofactocin,Aldo_ket_red,6
452,Mycofactocin_RRE,Aldo_ket_red,6
453,mycofact_rSAM,Trans_reg_C,6
454,mycofact_rSAM,Aldo_ket_red,6
455,ETF_alpha,phoR_proteo,6
456,Response_reg,HTH_38,6
457,HTH_38,GerE,6
458,HTH_30,mycofact_rSAM,6
459,P450_rel_GT_act,Mycofactocin_RRE,6
460,Reductase_C,EF-Tu,6
461,Methyltransf_23,Mycofactocin_RRE,6
462,am_tr_V_VC1184,FAD_binding_3,6
463,actino_HemFlav,actino_HemFlav,6
464,actino_HemFlav,Ac_CoA_lig_AcsA,6
465,actino_HemFlav,adk,6
466,am_tr_V_VC1184,SDR_subfam_1,6
467,Mycofactocin_RRE,NUDIX,6
468,actino_HemFlav,betA,6
469,Pyr_redox_2,EF-Tu,6
470,Pyr_redox_2,EF-G,6
471,Mycofactocin_RRE,greA,6
472,SDR_subfam_1,EF-G,6
473,mycofactocin,Trans_reg_C,6
474,P450_rel_GT_act,mycofactocin,6
475,ETF_alpha,mycofact_glyco,6
476,SDR_subfam_1,Rv0697,6
477,HTH_38,mycofact_creat,6
478,Reductase_C,EF-G,6
479,GG-red-SF,mycofact_glyco,6
480,Methyltransf_23,mycofact_glyco,6
481,HTH_30,mycofactocin,6
482,mycofactocin,COesterase,6
483,SDR_subfam_1,EF-Tu,6
484,Condensation,PP-binding,6
485,Mycofactocin_RRE,HTH_5,6
486,mycofact_creat,adk,6
487,mycofact_creat,Ac_CoA_lig_AcsA,6
488,Mycofactocin_RRE,Transp_cyt_pur,6
489,PP-binding,alpha_am_amid,6
490,Mycofactocin_RRE,Glyoxalase,6
491,Mycofactocin_RRE,Usp,6
492,mycofact_rSAM,ECH_1,6
493,AA-adenyl-dom,PP-binding,6
494,actino_HemFlav,MarR_2,6
495,mycofact_rSAM,Flavin_Reduct,6
496,mycofactocin,NUDIX,6
497,HTH_38,mycofactocin,6
498,efflux_EmrB,mycofact_rSAM,6
499,mycofactocin,NDMA_methanol,6
500,VWA_CoxE,Methyltransf_23,6
501,efflux_EmrB,Mycofactocin_RRE,6
502,Mycofactocin_RRE,COesterase,6
503,mycofactocin,drrA,6
504,SDR_subfam_1,PaaN-DH,6
505,mycofact_OYE_2,phoR_proteo,6
506,glut_race,Reductase_C,6
507,Mycofactocin_RRE,Flavin_Reduct,6
508,AAA_5,NDMA_methanol,6
509,mycofact_creat,AMP-binding_C,5
510,SDR_subfam_1,GG-red-SF,5
511,SnoaL_2,mycofact_rSAM,5
512,mycofactocin,HTH_28,5
513,SDR_subfam_1,VWA_CoxE,5
514,PA_CoA_Oxy5,mycofactocin,5
515,PP-binding,PP-binding,5
516,mycofact_creat,AMP-binding,5
517,SDR_subfam_1,Creatininase,5
518,mycofactocin,Creatininase,5
519,SnoaL_2,mycofactocin,5
520,mycofactocin,3oxo_ACP_reduc,5
521,mycofact_creat,MarR_2,5
522,SnoaL_2,Mycofactocin_RRE,5
523,mycofactocin,CoA_transf_3,5
524,ETF,mycofact_glyco,5
525,mycofactocin,FeFe_hydrog_B1,5
526,Reductase_C,AsnC_trans_reg,5
527,Mycofactocin_RRE,CoA_transf_3,5
528,PP-binding,Thioesterase,5
529,mycofactocin,Flavin_Reduct,5
530,mycofact_rSAM,CoA_transf_3,5
531,mycofact_rSAM,efflux_Bcr_CflA,5
532,Fer4_2,mycofact_glyco,5
533,mycofact_rSAM,COesterase,5
534,actino_HemFlav,AMP-binding,5
535,actino_HemFlav,AMP-binding_C,5
536,Mycofactocin_RRE,FeFe_hydrog_B1,5
537,DUF222,mycofact_creat,5
538,mycofact_rSAM,FeFe_hydrog_B1,5
539,mycofactocin,Transp_cyt_pur,5
540,mycofact_creat,Isochorismatase,5
541,Mycofactocin_RRE,Creatininase,5
542,mycofact_creat,HTH_20,5
543,mycofact_rSAM,Rv1155_F420,5
544,SDR_subfam_2,SDR_subfam_1,5
545,Mycofactocin_RRE,GGDEF,5
546,SDR_subfam_1,Isochorismatase,5
547,PA_CoA_Oxy5,Mycofactocin_RRE,5
548,PA_CoA_Oxy5,mycofact_rSAM,5
549,MCM,actino_HemFlav,5
550,mycofact_rSAM,HTH_3,5
551,SDR_subfam_2,adk,5
552,mycofact_rSAM,Pyr_redox_3,5
553,mycofact_rSAM,NAD_binding_8,5
554,Condensation,Mycofactocin_RRE,5
555,mycofactocin,TrmB,5
556,Condensation,mycofact_rSAM,5
557,AA-adenyl-dom,Mycofactocin_RRE,5
558,mycofact_OYE_1,Fe-ADH,5
559,AA-adenyl-dom,mycofact_rSAM,5
560,HTH_Tnp_ISL3,Sigma70_r4,5
561,alpha_am_amid,Mycofactocin_RRE,5
562,alpha_am_amid,mycofact_rSAM,5
563,SDR_subfam_2,Ac_CoA_lig_AcsA,5
564,EAL,mycofact_creat,5
565,mycofactocin,HTH_23,5
566,Mycofactocin_RRE,HTH_23,5
567,actino_HemFlav,PGDH,5
568,mycofact_rSAM,HTH_23,5
569,AMP-binding,mycofact_glyco,5
570,mycofact_creat,PGDH,5
571,mycofact_rSAM,Glyoxalase,5
572,mycofact_OYE_2,greA,5
573,mycofact_OYE_2,Fe-ADH,5
574,mycofact_OYE_1,greA,5
575,marine_srt_targ,mycofact_creat,5
576,Mycofactocin_RRE,TrmB,5
577,Mycofactocin_RRE,NAD_binding_8,5
578,SDR_subfam_1,SGL,5
579,Mycofactocin_RRE,ABC2_membrane,5
580,P450_rel_GT_act,mycofact_rSAM,5
581,Aldedh,Rxyl_3153,5
582,Mycofactocin_RRE,phnR_burk,5
583,mycofact_glyco,phnR_burk,5
584,mycofact_creat,mycofact_MftB,5
585,actino_HemFlav,WD40,5
586,actino_HemFlav,PD40,5
587,mycofact_creat,adh_short,5
588,efflux_EmrB,mycofactocin,5
589,GntR,mycofact_rSAM,5
590,mycofact_MftB,SDR_subfam_1,5
591,mycofactocin,ABC2_membrane,5
592,mycofactocin,MLTR_LBD,5
593,GntR,Mycofactocin_RRE,5
594,mycofact_creat,Rv1155_F420,5
595,mycofact_rSAM,MLTR_LBD,5
596,mycofactocin,NAD_binding_8,5
597,Mycofactocin_RRE,HTH_18,5
598,SDR_subfam_2,adh_short_C2,5
599,GntR,mycofactocin,5
600,Mycofactocin_RRE,HTH_3,5
601,Mycofactocin_RRE,MLTR_LBD,5
602,mycofact_rSAM,TrmB,5
603,Mycofactocin_RRE,Pyr_redox_3,5
604,HTH_38,actino_HemFlav,5
605,mycofact_creat,cyc_hxne_CoA_dh,5
606,mycofact_rSAM,CO_dehy_Mo_lg,5
607,Rv0697,mycofact_TetR,5
608,mycofact_MftB,mycofact_glyco,5
609,GerE,adk,5
610,Methyltransf_23,mycofact_rSAM,5
611,mycofact_rSAM,4hydroxCoAred,5
612,mycofactocin,MFS_1,5
613,GerE,Ac_CoA_lig_AcsA,5
614,Rv0697,COesterase,5
615,Response_reg,adk,5
616,Response_reg,Ac_CoA_lig_AcsA,5
617,SDR_subfam_2,Rxyl_3153,5
618,GMC_mycofac_2,Rv1155_F420,5
619,mycofact_glyco,Rv1155_F420,5
620,mycofact_glyco,COesterase,5
621,Reductase_C,TetR_C_11,5
622,mycofact_rSAM,PhnU2,5
623,mycofactocin,Acyl-CoA_dh_1,5
624,mycofactocin,Acyl-CoA_dh_2,5
625,Pyr_redox_2,TetR_C_11,5
626,Mycofactocin_RRE,Acyl-CoA_dh_1,5
627,Mycofactocin_RRE,Acyl-CoA_dh_2,5
628,Mycofactocin_RRE,PhnU2,5
629,SBP_bac_8,PhnU2,5
630,mycofact_OYE_1,glut_race,5
631,actino_HemFlav,glut_race,5
632,actino_HemFlav,Flavin_Reduct,5
633,mycofact_OYE_1,am_tr_V_VC1184,5
634,mycofact_OYE_1,FAD_binding_3,5
635,GG-red-SF,phoR_proteo,5
636,Methyltransf_23,actino_HemFlav,5
637,Mycofactocin_RRE,CO_dehy_Mo_lg,5
638,HTH_30,actino_HemFlav,5
639,Mycofactocin_RRE,4hydroxCoAred,5
640,mycofact_rSAM,HxlR,4
641,Creatininase,Methyltransf_23,4
642,mycofact_creat,4hydroxCoAred,4
643,PEP_resp_reg,Mycofactocin_RRE,4
644,mycofact_creat,Trans_reg_C,4
645,mycofact_rSAM,sensory_box,4
646,mycofact_rSAM,ABC2_membrane,4
647,mycofactocin,gas_vesic_GvpN,4
648,mycofact_rSAM,CO_deh_flav_C,4
649,mycofact_rSAM,FAD_binding_5,4
650,actino_HemFlav,MFS_1,4
651,VWA_CoxE,Creatininase,4
652,Mycofactocin_RRE,sensory_box,4
653,mycofactocin,sensory_box,4
654,Pyr_redox_2,MarR_2,4
655,Reductase_C,MarR_2,4
656,Mycofactocin_RRE,gas_vesic_GvpN,4
657,HTH_AsnC-type,MarR_2,4
658,Mycofactocin_RRE,FAD_binding_5,4
659,mycofact_rSAM,phnR_burk,4
660,mycofact_rSAM,gas_vesic_GvpN,4
661,Mycofactocin_RRE,CO_deh_flav_C,4
662,phoR_proteo,sensory_box,4
663,mycofact_creat,rpsG_bact,4
664,greA,SDR_subfam_2,4
665,mycofact_glyco,adh_short,4
666,mycofact_creat,CO_dehy_Mo_lg,4
667,Creatininase,mycofact_glyco,4
668,mycofactocin,phnR_burk,4
669,mycofactocin,FAD_binding_5,4
670,mycofact_rSAM,Creatininase,4
671,Mycofactocin_RRE,HxlR,4
672,alpha_am_amid,AMP-binding,4
673,ETF_alpha,sensory_box,4
674,PP-binding,AMP-binding,4
675,mycofactocin,HxlR,4
676,mycofactocin,4hydroxCoAred,4
677,mycofactocin,TetR_C_31,4
678,mycofact_OYE_2,sensory_box,4
679,AA-adenyl-dom,AMP-binding,4
680,mycofactocin,CO_dehy_Mo_lg,4
681,mycofactocin,CO_deh_flav_C,4
682,mycofact_glyco,CO_dehy_Mo_lg,4
683,SDR_subfam_1,Cob-chelat-sub,4
684,Mycofactocin_RRE,AAA_22,4
685,Condensation,AMP-binding,4
686,FAD_binding_5,CO_deh_flav_C,4
687,GG-red-SF,sensory_box,4
688,SDR_subfam_1,Methyltransf_23,4
689,bpMoxR,SDR_subfam_1,4
690,mycofact_rSAM,TetR_C_31,4
691,ETF,greA,4
692,4hydroxCoAred,CO_dehy_Mo_lg,4
693,SDR_subfam_1,acidobact_VWFA,4
694,ETF_alpha,greA,4
695,mycofact_creat,betaine_BetI,4
696,actino_HemFlav,rpsG_bact,4
697,mycofact_rSAM,mycofact_rSAM,4
698,mycofactocin,Amidohydro_2,4
699,Fer4_2,actino_HemFlav,4
700,Mycofactocin_RRE,Amidohydro_2,4
701,mycofact_rSAM,Amidohydro_2,4
702,HTH_30,mycofact_creat,4
703,Mycofactocin_RRE,TetR_C_31,4
704,HTH_38,SDR_subfam_2,4
705,Mycofactocin_RRE,pcaR_pcaU,4
706,mycofact_OYE_1,drrA,4
707,SDR_subfam_2,HisKA_3,4
708,CNNM,CBS,4
709,Isochorismatase,mycofact_glyco,4
710,mycofact_creat,FAD_binding_3,4
711,VWA_CoxE,26Sp45,4
712,ntrC,mycofact_glyco,4
713,ntrC,mycofactocin,4
714,actino_HemFlav,HTH_23,4
715,actino_HemFlav,drrA,4
716,mycofactocin,Usp,4
717,SDR_subfam_2,TetR_N,4
718,Fer4_2,mycofact_creat,4
719,betaine_BetI,mycofact_glyco,4
720,mycofact_glyco,NDMA_methanol,4
721,mft_etfB,mycofact_glyco,4
722,mycofact_OYE_2,Fer4_9,4
723,SnoaL_2,mycofact_glyco,4
724,SDR_subfam_1,FAD_binding_3,4
725,SnoaL_2,mycofact_creat,4
726,PhnU2,potA,4
727,mycofactocin,PAS_4,4
728,AsnC_trans_reg,SDR_subfam_1,4
729,GG-red-SF,FeFe_hydrog_B1,4
730,ETF_alpha,FeFe_hydrog_B1,4
731,FAD_binding_3,EAL,4
732,Fer4_6,mycofact_rSAM,4
733,mycofact_OYE_2,FeFe_hydrog_B1,4
734,mycofact_OYE_1,FeFe_hydrog_B1,4
735,mycofact_rSAM,DAO,4
736,Fer4_6,Mycofactocin_RRE,4
737,Mycofactocin_RRE,DAO,4
738,Fer4_6,mycofactocin,4
739,Fer4,mycofact_creat,4
740,Fer4,mycofact_glyco,4
741,mycofact_creat,HTH_23,4
742,cyc_hxne_CoA_dh,mycofact_glyco,4
743,mycofact_rSAM,Usp,4
744,Mycofactocin_RRE,Hydrolase_4,4
745,mycofact_rSAM,HTH_24,4
746,mycofactocin,Hydrolase_4,4
747,actino_HemFlav,TrmB,4
748,mycofact_glyco,AMP-binding_C,4
749,HisKA_3,VWA_CoxE,4
750,mycofactocin,Pyr_redox_3,4
751,actino_HemFlav,HTH_24,4
752,HTH_38,HisKA_3,4
753,EF-G,rpsG_bact,4
754,EF-Tu,rpsG_bact,4
755,SDR_subfam_1,rpsG_bact,4
756,Aldo_ket_red,am_tr_V_VC1184,4
757,Reductase_C,rpsG_bact,4
758,Pyr_redox_2,rpsG_bact,4
759,mycofactocin,rpsG_bact,4
760,Mycofactocin_RRE,rpsG_bact,4
761,GerE,GAF,4
762,mycofact_rSAM,rpsG_bact,4
763,ntrC,Mycofactocin_RRE,4
764,Mycofactocin_RRE,HTH_24,4
765,mycofactocin,HTH_24,4
766,mycofact_OYE_1,Usp,4
767,mycofact_rSAM,Hydrolase_4,4
768,mycofact_OYE_1,Rxyl_3153,4
769,cyc_hxne_CoA_dh,SDR_subfam_1,4
770,mycofact_OYE_2,Usp,4
771,HTH_31,SDR_subfam_1,4
772,ETF_alpha,Usp,4
773,ETF_alpha,Rxyl_3153,4
774,PA_CoA_Oxy5,mycofact_creat,4
775,PGDH,Pyr_redox_2,4
776,PGDH,Reductase_C,4
777,PGDH,SDR_subfam_1,4
778,TrmB,HTH_AsnC-type,4
779,Mycofactocin_RRE,HTH_28,4
780,TrmB,MarR,4
781,mycofact_rSAM,HTH_28,4
782,HTH_Tnp_ISL3,MarR,4
783,Reductase_C,TrmB,4
784,mycofact_creat,Pyr_redox_3,4
785,Pyr_redox_2,TrmB,4
786,actino_HemFlav,Pyr_redox_3,4
787,SDR_subfam_1,AHSA1,4
788,mycofact_rSAM,DivIC,4
789,actino_HemFlav,3oxo_ACP_reduc,4
790,AHSA1,mycofact_creat,4
791,mycofact_rSAM,HTH_18,4
792,G3P_acyltransf,Mycofactocin_RRE,4
793,DUF2201,mycofact_creat,4
794,ETF_alpha,Fe-ADH,4
795,DUF2201,actino_HemFlav,4
796,mycofact_OYE_2,Response_reg,4
797,mycofactocin,GGDEF,4
798,Mycofactocin_RRE,DUF2201,4
799,DNA_alkylation,Rv1155_F420,4
800,MmgE_PrpD,MmgE_PrpD_C,4
801,mycofactocin,HTH_18,4
802,HTH_Tnp_ISL3,AsnC_trans_reg,4
803,Rv0697,rpsJ_bact,4
804,SDR_subfam_1,efflux_Bcr_CflA,4
805,mycofactocin,P450_cycloAA_1,4
806,mycofactocin,TIGR00147,4
807,mycofactocin,MmgE_PrpD_C,4
808,mycofactocin,MmgE_PrpD,4
809,mycofactocin,HTH_3,4
810,Mycofactocin_RRE,TIGR00147,4
811,SDR_subfam_1,Rv1155_F420,4
812,Mycofactocin_RRE,Methyltransf_19,4
813,Mycofactocin_RRE,MmgE_PrpD,4
814,mycofact_rSAM,Acyl-CoA_dh_1,4
815,actino_HemFlav,ECH_1,4
816,mycofact_rSAM,npdG,4
817,Mycofactocin_RRE,npdG,4
818,Abhydrolase_3,mycofact_rSAM,4
819,Abhydrolase_3,Mycofactocin_RRE,4
820,Se_ygfK,mycofact_rSAM,4
821,mycofact_rSAM,rpsJ_bact,4
822,Mycofactocin_RRE,rpsJ_bact,4
823,PGDH,mycofact_glyco,4
824,mycofact_rSAM,Acyl-CoA_dh_2,4
825,mycofact_rSAM,Methyltransf_19,4
826,mycofactocin,rpsJ_bact,4
827,actino_HemFlav,Acyl-CoA_dh_2,4
828,GG-red-SF,Fe-ADH,4
829,Se_ygfK,Mycofactocin_RRE,4
830,PGDH,Rv0697,4
831,Mycofactocin_RRE,Thioesterase,4
832,G3P_acyltransf,mycofact_rSAM,4
833,mycofact_creat,Transp_cyt_pur,4
834,mycofact_rSAM,Thioesterase,4
835,Mycofactocin_RRE,MmgE_PrpD_C,4
836,mycofact_rSAM,DUF2201,4
837,mycofact_rSAM,TIGR00147,4
838,mycofact_rSAM,Isochorismatase,4
839,GAF_2,Fe-ADH,4
840,actino_HemFlav,HTH_3,4
841,GAF,Aldedh,4
842,mycofactocin,DUF2201,4
843,Mycofactocin_RRE,DivIC,4
844,Mycofactocin_RRE,3oxo_ACP_reduc,4
845,actino_HemFlav,MLTR_LBD,4
846,actino_HemFlav,MmgE_PrpD,4
847,actino_HemFlav,MmgE_PrpD_C,4
848,P450_rel_GT_act,mycofact_creat,4
849,Mycofactocin_RRE,P450_cycloAA_1,4
850,mycofact_rSAM,MmgE_PrpD,4
851,mycofact_rSAM,MmgE_PrpD_C,4
852,mycofact_rSAM,3oxo_ACP_reduc,4
853,mycofact_rSAM,zf-C2H2_11,3
854,actino_HemFlav,sulfur_SfnB,3
855,mycofact_rSAM,drrB,3
856,mycofactocin,D-hydantoinase,3
857,mycofact_creat,sulfur_SfnB,3
858,mycofact_creat,Acyl-CoA_dh_1,3
859,Mycofactocin_RRE,drrB,3
860,mycofact_creat,Acyl-CoA_dh_2,3
861,GAF,DNA_alkylation,3
862,Fer4_9,mft_etfB,3
863,mycofact_creat,Flavin_Reduct,3
864,mycofact_glyco,sulfur_SfnB,3
865,alpha_am_amid,DNA_alkylation,3
866,mycofact_creat,GAF,3
867,mycofact_glyco,Acyl-CoA_dh_1,3
868,SDR_subfam_1,GAF_2,3
869,SDR_subfam_1,SpoIIE,3
870,mycofact_glyco,Acyl-CoA_dh_2,3
871,SDR_subfam_1,PAS_4,3
872,mycofact_OYE_1,DAO,3
873,AAA,Fe-ADH,3
874,mycofact_OYE_1,zf-C2H2_11,3
875,decarb_PcaC,mycofact_creat,3
876,GG-red-SF,Fer4_9,3
877,mycofact_glyco,Flavin_Reduct,3
878,GAF,glut_race,3
879,Mycofactocin_RRE,sulfur_SfnB,3
880,mycofact_creat,DUF779,3
881,decarb_PcaC,mycofact_rSAM,3
882,Fer4_13,Mycofactocin_RRE,3
883,mycofact_rSAM,NAD_binding_2,3
884,Fer4_13,mycofact_rSAM,3
885,Pyr_redox_2,mycofact_MftB,3
886,Fer4_13,mycofact_creat,3
887,mycofact_rSAM,Pyr_redox,3
888,PP-binding,DNA_alkylation,3
889,mycofactocin,DAO,3
890,mycofactocin,zf-C2H2_11,3
891,Fer4_13,actino_HemFlav,3
892,Mycofactocin_RRE,D-hydantoinase,3
893,Fer4_6,Fer4_2,3
894,mycofact_rSAM,PS-DH,3
895,mycofact_rSAM,KR,3
896,Abhydrolase_3,actino_HemFlav,3
897,mycofact_creat,rpsJ_bact,3
898,TetR_N,TetR_C_6,3
899,Fer4_6,mycofact_creat,3
900,mycofact_OYE_2,4hydroxCoAred,3
901,Abhydrolase_3,mycofactocin,3
902,Mycofactocin_RRE,zf-C2H2_11,3
903,mycofact_rSAM,SBP_bac_8,3
904,ETF,Rxyl_3153,3
905,mycofactocin,sulfur_SfnB,3
906,Mycofactocin_RRE,prpB,3
907,mycofactocin,prpB,3
908,Mycofactocin_RRE,SBP_bac_8,3
909,mycofact_rSAM,sulfur_SfnB,3
910,Mycofactocin_RRE,Pyr_redox,3
911,mycofactocin,PNTB,3
912,sulfur_SfnB,Acyl-CoA_dh_2,3
913,decarb_PcaC,mycofact_glyco,3
914,SDR_subfam_1,mft_etfB,3
915,mycofactocin,SpoIIE,3
916,AAA_5,bpMoxR,3
917,PGF-CTERM,PP-binding,3
918,am_tr_V_VC1184,efflux_Bcr_CflA,3
919,am_tr_V_VC1184,mycofact_creat,3
920,SnoaL_2,actino_HemFlav,3
921,ETF_alpha,DAO,3
922,mycofact_glyco,rpsJ_bact,3
923,ETF_alpha,zf-C2H2_11,3
924,pter_reduc_Leis,mycofactocin,3
925,pter_reduc_Leis,Mycofactocin_RRE,3
926,pter_reduc_Leis,mycofact_rSAM,3
927,mycofactocin,PqqA,3
928,Mycofactocin_RRE,PqqA,3
929,Mycofactocin_RRE,PS-DH,3
930,mycofact_OYE_2,mycofact_OYE_2,3
931,DUF222,Rv0697,3
932,DUF222,mycofact_glyco,3
933,GG-red-SF,DAO,3
934,GAF_2,Rv0697,3
935,GAF_2,mycofact_glyco,3
936,phoR_proteo,Fe-ADH,3
937,Mycofactocin_RRE,DUF779,3
938,PGF-CTERM,Docking,3
939,efflux_Bcr_CflA,Isochorismatase,3
940,PGF-CTERM,omega_3_PfaA,3
941,GerE,DUF779,3
942,PGF-CTERM,PS-DH,3
943,Mycofactocin_RRE,KR,3
944,GAF_2,SpoIIE,3
945,mycofact_OYE_2,DAO,3
946,mycofact_rSAM,SpoIIE,3
947,ETF_alpha,Fer4_9,3
948,Mycofactocin_RRE,PNTB,3
949,ETF,Fer4_9,3
950,GG-red-SF,zf-C2H2_11,3
951,sulfur_SfnB,Flavin_Reduct,3
952,Acyl-CoA_dh_1,Acyl-CoA_dh_2,3
953,mycofact_rSAM,PNTB,3
954,Rv0697,betaine_BetI,3
955,AMP-binding,Rv0697,3
956,Acyl-CoA_dh_2,Flavin_Reduct,3
957,Isochorismatase,PqqA,3
958,mycofact_rSAM,Fer4_9,3
959,mycofact_OYE_2,zf-C2H2_11,3
960,mycofact_rSAM,DUF779,3
961,SDR_subfam_2,PNTB,3
962,Fer4_6,actino_HemFlav,3
963,GAF,Rv0697,3
964,Mycofactocin_RRE,Fer4_9,3
965,mycofact_rSAM,PAS_4,3
966,actino_HemFlav,bpMoxR,3
967,mycofact_creat,PqqA,3
968,mycofactocin,Fer4_9,3
969,Mycofactocin_RRE,Docking,3
970,Mycofactocin_RRE,SpoIIE,3
971,mycofactocin,DUF779,3
972,Mycofactocin_RRE,NAD_binding_2,3
973,Mycofactocin_RRE,PAS_4,3
974,Mycofactocin_RRE,omega_3_PfaA,3
975,Fer4_13,mycofactocin,3
976,actino_HemFlav,prpB,3
977,mycofact_rSAM,FeS_nifS,3
978,mycofactocin,Beta-lactamase,3
979,SDR_subfam_1,efflux_EmrB,3
980,actino_HemFlav,F420_MSMEG_2249,3
981,MLTR_LBD,MmgE_PrpD_C,3
982,Reductase_C,HTH_24,3
983,actino_HemFlav,Hydrolase_4,3
984,actino_HemFlav,NAD_binding_8,3
985,MLTR_LBD,MmgE_PrpD,3
986,mycofact_creat,GAF_2,3
987,mycofact_rSAM,F420_MSMEG_2249,3
988,Pyr_redox_2,HTH_24,3
989,AAA_16,PD40,3
990,mycofact_TetR,TIGR00147,3
991,mycofact_TetR,MmgE_PrpD_C,3
992,mycofact_TetR,MmgE_PrpD,3
993,mycofact_rSAM,CobN-Mg_chel,3
994,MLTR_LBD,TIGR00147,3
995,ETF,Usp,3
996,mycofact_creat,Beta-lactamase,3
997,mycofact_rSAM,Beta-lactamase,3
998,DUF2201,VWA_2,3
999,mycofact_rSAM,RutR,3
1000,AAA_5,DUF2201,3
1001,WD40,PD40,3
1002,Mycofactocin_RRE,Beta-lactamase,3
1003,mycofact_creat,3oxo_ACP_reduc,3
1004,actino_HemFlav,Beta-lactamase,3
1005,mycofactocin,CobN-Mg_chel,3
1006,ABC2_membrane,mycofact_creat,3
1007,HTH_24,HTH_AsnC-type,3
1008,mycofact_OYE_2,VWA_CoxE,3
1009,MmgE_PrpD_C,TIGR00147,3
1010,MmgE_PrpD,TIGR00147,3
1011,mycofact_creat,F420_MSMEG_2249,3
1012,mycofact_TetR,MLTR_LBD,3
1013,AAA_16,WD40,3
1014,mycofactocin,F420_MSMEG_2249,3
1015,GntR,actino_HemFlav,3
1016,P450_rel_GT_act,mycofact_glyco,3
1017,Response_reg,GAF,3
1018,Mycofactocin_RRE,PD40,3
1019,Mycofactocin_RRE,WD40,3
1020,SDR_subfam_1,Lactamase_B,3
1021,P450_rel_GT_act,actino_HemFlav,3
1022,PaaN-DH,mycofact_rSAM,3
1023,Mycofactocin_RRE,RelB,3
1024,TetR_N,RutR,3
1025,PaaN-DH,Mycofactocin_RRE,3
1026,mycofact_glyco,RelB,3
1027,Rv0697,RelB,3
1028,TetR_N,RelB,3
1029,GntR,mycofact_creat,3
1030,mycofact_rSAM,RelB,3
1031,HTH_31,MLTR_LBD,3
1032,actino_HemFlav,TIGR00147,3
1033,actino_HemFlav,ANAPC4_WD40,3
1034,mycofact_creat,TrmB,3
1035,mycofact_creat,HTH_24,3
1036,efflux_EmrB,mycofact_OYE_2,3
1037,SDR_subfam_1,MLTR_LBD,3
1038,mycofactocin,RelB,3
1039,Mycofactocin_RRE,RutR,3
1040,actino_HemFlav,PQQ_ABC_repeats,3
1041,HTH_31,AAA_16,3
1042,DUF998,SDR_subfam_1,3
1043,mycofactocin,tdh,3
1044,Mycofactocin_RRE,tdh,3
1045,mycofact_rSAM,PD40,3
1046,mycofact_rSAM,WD40,3
1047,NAD_binding_8,Pyr_redox_3,3
1048,DUF2201,marine_srt_targ,3
1049,TrmB,Sigma70_r4,3
1050,mycofact_rSAM,prpB,3
1051,drrA,ABC2_membrane,3
1052,decarb_PcaC,mycofactocin,3
1053,actino_HemFlav,D-hydantoinase,3
1054,mycofact_creat,phnR_burk,3
1055,SDR_subfam_1,pcaF,3
1056,mycofact_rSAM,26Sp45,3
1057,mycofact_creat,prpB,3
1058,SDR_subfam_2,Fe-ADH,3
1059,mycofact_creat,D-hydantoinase,3
1060,mycofact_glyco,prpB,3
1061,Mycofactocin_RRE,26Sp45,3
1062,HTH_30,SDR_subfam_2,3
1063,mycofact_glyco,D-hydantoinase,3
1064,SDR_subfam_1,Tcp10_C,3
1065,HTH_38,mycofact_glyco,3
1066,mycofactocin,Condensation,3
1067,actino_HemFlav,phnR_burk,3
1068,HTH_8,mycofact_glyco,3
1069,SDR_subfam_1,Fer4_14,3
1070,Mycofactocin_RRE,TRX_reduct,3
1071,mycofactocin,NAD_binding_2,3
1072,mycofact_rSAM,D-hydantoinase,3
1073,mycofact_OYE_1,TetR_N,3
1074,HNH,actino_HemFlav,3
1075,AA-adenyl-dom,DNA_alkylation,3
1076,mycofact_rSAM,DUF418,3
1077,Fer4_13,Fer4_2,3
1078,mycofact_rSAM,Docking,3
1079,mycofact_creat,HTH_31,3
1080,Mycofactocin_RRE,DUF418,3
1081,Fer4_13,Fer4_6,3
1082,mycofact_rSAM,omega_3_PfaA,3
1083,Condensation,DNA_alkylation,3
1084,mycofact_creat,gas_vesic_GvpN,3
1085,mycofactocin,AA-adenyl-dom,3
1086,mycofact_MftB,DNA_alkylation,3
1087,Pyr_redox_2,rpsJ_bact,3
1088,mycofact_rSAM,AcCoA-C-Actrans,3
1089,actino_HemFlav,Glycos_transf_2,3
1090,mycofact_rSAM,Glycos_transf_2,3
1091,Mycofactocin_RRE,Glycos_transf_2,3
1092,mycofactocin,aprB,3
1093,mycofactocin,AcCoA-C-Actrans,3
1094,Mycofactocin_RRE,AcCoA-C-Actrans,3
1095,mycofact_creat,P450_cycloAA_1,3
1096,AAA,VWA_CoxE,3
1097,Mycofactocin_RRE,PaaC-3OHAcCoADH,3
1098,mycofact_rSAM,PaaC-3OHAcCoADH,3
1099,DNA_alkylation,cyc_hxne_CoA_dh,3
1100,ETF,Fe-ADH,3
1101,mycofact_rSAM,HTH_5,3
1102,Mycofactocin_RRE,FAD_oxidored,3
1103,ntrC,mycofact_rSAM,3
1104,SDR_subfam_2,VWA_CoxE,3
1105,mycofactocin,alpha_am_amid,3
1106,SDR_subfam_1,EAL,3
1107,betA,phnR_burk,3
1108,betA,prpB,3
1109,Mycofactocin_RRE,CBS,3
1110,betA,D-hydantoinase,3
1111,phnR_burk,prpB,3
1112,phnR_burk,D-hydantoinase,3
1113,ABM,SDR_subfam_1,3
1114,SDR_subfam_2,AAA_5,3
1115,prpB,D-hydantoinase,3
1116,Mycofactocin_RRE,AAA,3
1117,mycofact_rSAM,AAA,3
1118,SDR_subfam_1,fumC_II,3
1119,bpMoxR,mycofact_rSAM,3
1120,bpMoxR,mycofactocin,3
1121,decarb_PcaC,Mycofactocin_RRE,3
1122,SDR_subfam_1,Acyl_transf_3,3
1123,omega_3_PfaA,PT_fungal_PKS,3
1124,mycofactocin,pcaR_pcaU,3
1125,Mycofactocin_RRE,TAT_signal_seq,3
1126,Mycofactocin_RRE,Acyl-CoA_dh_M,3
1127,mycofact_creat,MmgE_PrpD,3
1128,mycofact_OYE_2,NUDIX,3
1129,mycofact_rSAM,Peripla_BP_6,3
1130,GG-red-SF,VWA_CoxE,3
1131,mycofactocin,TAT_signal_seq,3
1132,mycofactocin,COXG,3
1133,PS-DH,Ketoacyl-synt_C,3
1134,PS-DH,malonate_mdcH,3
1135,PS-DH,PT_fungal_PKS,3
1136,PS-DH,menH_SHCHC,3
1137,mycofact_rSAM,COXG,3
1138,PS-DH,Thioester-redct,3
1139,Mycofactocin_RRE,Peripla_BP_6,3
1140,GerE,HTH_10,3
1141,actino_HemFlav,HTH_20,3
1142,mycofact_creat,MmgE_PrpD_C,3
1143,mycofact_rSAM,TAT_signal_seq,3
1144,mycofactocin,Acyl-CoA_dh_M,3
1145,mycofactocin,HTH_10,3
1146,GGDEF,EAL,3
1147,PP-binding,fabD,3
1148,PP-binding,Thioester-redct,3
1149,PP-binding,menH_SHCHC,3
1150,PP-binding,PT_fungal_PKS,3
1151,PP-binding,malonate_mdcH,3
1152,PP-binding,Ketoacyl-synt_C,3
1153,Mycofactocin_RRE,HTH_10,3
1154,Flavin_Reduct,TetR_N,3
1155,mycofactocin,Peripla_BP_6,3
1156,Mycofactocin_RRE,COXG,3
1157,PS-DH,fabD,3
1158,mycofactocin,EutB,3
1159,Sigma70_r4,SDR_subfam_1,3
1160,GerE,mycofact_OYE_2,3
1161,Fe-ADH,NDMA_methanol,3
1162,HTH_30,PEP_resp_reg,3
1163,ETF,phoR_proteo,3
1164,Docking,PT_fungal_PKS,3
1165,SDR_subfam_2,npdG,3
1166,MarR,SDR_subfam_1,3
1167,actino_HemFlav,HxlR,3
1168,mycofact_glyco,HTH_28,3
1169,mycofact_creat,ECH_1,3
1170,mycofact_OYE_1,Pyr_redox_2,3
1171,mycofact_creat,npdG,3
1172,Response_reg,Trans_reg_C,3
1173,mycofact_creat,PhnU2,3
1174,Fe-ADH,AAA_5,3
1175,Docking,malonate_mdcH,3
1176,HisKA_3,NDMA_methanol,3
1177,HisKA_3,AAA_5,3
1178,Docking,Ketoacyl-synt_C,3
1179,omega_3_PfaA,KR,3
1180,omega_3_PfaA,omega_3_PfaA,3
1181,omega_3_PfaA,fabD,3
1182,omega_3_PfaA,Thioester-redct,3
1183,omega_3_PfaA,menH_SHCHC,3
1184,adh_short_C2,adh_short_C2,3
1185,omega_3_PfaA,malonate_mdcH,3
1186,omega_3_PfaA,Ketoacyl-synt_C,3
1187,PS-DH,KR,3
1188,PS-DH,PS-DH,3
1189,mycofact_OYE_1,Peripla_BP_6,3
1190,HTH_38,Fe-ADH,3
1191,GGDEF,mycofact_rSAM,3
1192,mycofact_rSAM,HTH_10,3
1193,adh_short_C2,AMP-binding,3
1194,mycofact_rSAM,P450_cycloAA_1,3
1195,Mycofactocin_RRE,aprB,3
1196,SDR_subfam_1,aprB,3
1197,SDR_subfam_1,Fer4_2,3
1198,SDR_subfam_1,Fer4,3
1199,Mycofactocin_RRE,Polyketide_cyc2,3
1200,actino_HemFlav,rSAM_BlsE,3
1201,ETF_alpha,DivIC,3
1202,FeFe_hydrog_B1,SDR_subfam_2,3
1203,mycofactocin,Thi4,3
1204,mft_etfB,aprB,3
1205,aprB,Fer4_2,3
1206,FeFe_hydrog_B1,mft_etfB,3
1207,Rxyl_3153,AAA_5,3
1208,mycofactocin,G3P_acyltransf,3
1209,HTH_Tnp_ISL3,MarR_2,3
1210,AsnC_trans_reg,MarR_2,3
1211,mycofactocin,NYN_YacP,3
1212,ETF,FeFe_hydrog_B1,3
1213,EAL,mycofact_glyco,3
1214,mycofactocin,DivIC,3
1215,mycofactocin,Polyketide_cyc2,3
1216,NUDIX,NYN_YacP,3
1217,mycofactocin,PaaC-3OHAcCoADH,3
1218,GG-red-SF,DivIC,3
1219,mycofact_rSAM,rSAM_BlsE,3
1220,mycofact_OYE_1,Rv0697,3
1221,mycofact_OYE_2,Rv0697,3
1222,ETF_alpha,VWA_CoxE,3
1223,rSAM_BlsE,Mycofactocin_RRE,3
1224,mycofact_rSAM,EutB,3
1225,AAA_5,AAA_30,3
1226,aprB,Fer4,3
1227,Mycofactocin_RRE,NYN_YacP,3
1228,mycofact_MftB,GMC_mycofac_2,3
1229,Peripla_BP_6,urea_trans_UrtE,3
1230,HisKA_3,mycofact_glyco,3
1231,Peripla_BP_6,BPD_transp_2,3
1232,HisKA_3,Rv0697,3
1233,Acyl-CoA_dh_M,Acyl-CoA_dh_1,3
1234,mycofact_OYE_1,NYN_YacP,3
1235,mycofact_OYE_1,NUDIX,3
1236,actino_HemFlav,HTH_10,3
1237,aprB,GG-red-SF,3
1238,mycofact_OYE_2,NYN_YacP,3
1239,Response_reg,Rv0697,3
1240,GerE,Rv0697,3
1241,Peripla_BP_6,Peripla_BP_6,3
1242,TetR_N,TetR_C_31,3
1243,mycofactocin,AAA_22,3
1244,actino_HemFlav,Creatininase,3
1245,Peripla_BP_6,urea_trans_UrtD,3
1246,mycofact_OYE_2,AHSA1,3
1247,mycofactocin,Glyoxalase,3
1248,mycofact_OYE_1,AHSA1,3
1249,PEP_resp_reg,Rxyl_3153,3
1250,mycofact_creat,NDMA_methanol,3
1251,mycofact_rSAM,NYN_YacP,3
1252,mycofact_rSAM,AAA_30,3
1253,mycofact_glyco,MarR_2,3
1254,actino_HemFlav,AHSA1,3
1255,AAA_5,Methyltransf_23,3
1256,Mycofactocin_RRE,AAA_30,3
1257,mycofact_OYE_2,DivIC,3
1258,mycofact_rSAM,AAA_22,3
1259,mycofact_rSAM,Polyketide_cyc2,3
1260,aprB,ETF_alpha,3
1261,actino_HemFlav,npdG,3
1262,GerE,Aldedh,3
1263,mycofactocin,npdG,3
1264,mycofactocin,omega_3_PfaA,3
1265,adh_short_C2,mycofact_glyco,3
1266,actino_HemFlav,MR_MLE_C,3
1267,mycofactocin,PS-DH,3
1268,Rxyl_3153,HTH_5,3
1269,CO_dehy_Mo_lg,FAD_binding_5,3
1270,ABC2_membrane,drrC,3
1271,mycofactocin,drrC,3
1272,actino_HemFlav,Peripla_BP_4,3
1273,Mycofactocin_RRE,drrC,3
1274,Rxyl_3153,LysR_substrate,3
1275,Mycofactocin_RRE,TetR_C_6,3
1276,XdhC_C,mycofactocin,3
1277,CO_dehy_Mo_lg,CO_deh_flav_C,3
1278,mycofactocin,Pyr_redox,3
1279,XdhC_C,Mycofactocin_RRE,3
1280,XdhC_C,mycofact_rSAM,3
1281,mycofactocin,TetR_C_6,3
1282,SDR_subfam_1,TIGR00147,3
1283,XdhC_C,mycofact_creat,3
1284,Thioesterase,mycofactocin,3
1285,XdhC_C,mycofact_glyco,3
1286,SDR_subfam_1,Cellulase,3
1287,mycofact_rSAM,Peripla_BP_4,3
1288,SDR_subfam_1,enACPred_II,3
1289,Mycofactocin_RRE,Peripla_BP_4,3
1290,SDR_subfam_1,ruvB,3
1291,betaine_BetI,mycofact_TetR,3
1292,mycofact_rSAM,2A0106,3
1293,mycofactocin,KR,3
1294,mycofactocin,GGDEF_2,3
1295,mycofact_glyco,FAD_binding_5,3
1296,mycofact_creat,CO_deh_flav_C,3
1297,LysR_substrate,HTH_5,3
1298,Mycofactocin_RRE,MR_MLE_C,3
1299,AA-adenyl-dom,Thioesterase,3
1300,mycofact_glyco,efflux_Bcr_CflA,3
1301,mycofact_glyco,Trans_reg_C,3
1302,mycofact_glyco,4hydroxCoAred,3
1303,Mycofactocin_RRE,LysR_substrate,3
1304,actino_HemFlav,NUDIX,3
1305,mycofactocin,MR_MLE_C,3
1306,mycofact_creat,HTH_3,3
1307,alpha_am_amid,Thioesterase,3
1308,mycofact_glyco,CO_deh_flav_C,3
1309,Mycofactocin_RRE,2A0106,3
1310,actino_HemFlav,GGDEF_2,3
1311,mycofact_rSAM,MR_MLE_C,3
1312,G3P_acyltransf,adh_short_C2,3
1313,mycofact_rSAM,TetR_C_6,3
1314,mycofact_OYE_1,VWA_2,3
1315,mycofact_rSAM,GGDEF_2,3
1316,SDR_subfam_1,TetR_C_24,3
1317,mycofactocin,2A0106,3
1318,mycofact_OYE_1,AAA_5,3
1319,Mycofactocin_RRE,GGDEF_2,3
1320,Se_ygfK,mycofactocin,3
1321,Condensation,Thioesterase,3
1322,DUF222,SDR_subfam_1,3
1323,SDR_subfam_1,CBM_2,3
1324,mycofact_creat,FAD_binding_5,3
1325,mycofactocin,Meth_synt_2,3
1326,ETF,Peripla_BP_6,3
1327,Mycofactocin_RRE,Meth_synt_2,3
1328,SDR_subfam_1,TmoB,3
1329,Docking,Docking,3
1330,Docking,KR,3
1331,mycofactocin,Docking,3
1332,adk,Fe-ADH,3
1333,Docking,fabD,3
1334,mycofact_rSAM,Meth_synt_2,3
1335,ETF_alpha,Peripla_BP_6,3
1336,MCM,mycofact_creat,3
1337,GGDEF_2,HTH_30,3
1338,mycofact_glyco,DUF779,3
1339,Aldedh,decarb_PcaC,3
1340,actino_HemFlav,HTH_28,3
1341,adh_short_C2,AMP-binding_C,3
1342,rSAM_BlsE,mycofactocin,3
1343,mycofact_OYE_2,Peripla_BP_6,3
1344,Docking,menH_SHCHC,3
1345,mycofactocin,PhnU2,3
1346,GerE,Trans_reg_C,3
1347,PA_CoA_Oxy5,actino_HemFlav,3
1348,Fer4,actino_HemFlav,3
1349,mycofact_rSAM,pcaR_pcaU,3
1350,Docking,Thioester-redct,3
1351,actino_HemFlav,TetR_C_31,3
1352,GAF,DUF779,3
1353,Aldedh,DUF779,3
1354,mycofact_creat,HTH_28,3
1355,MCM,marine_srt_targ,3
