Mycofactocin_RRE,mycofactocin,646
mycofact_rSAM,mycofactocin,640
mycofact_rSAM,Mycofactocin_RRE,630
actino_HemFlav,mycofact_rSAM,475
actino_HemFlav,Mycofactocin_RRE,472
actino_HemFlav,mycofactocin,471
mycofact_glyco,mycofact_rSAM,456
mycofactocin,mycofact_TetR,455
Mycofactocin_RRE,mycofact_TetR,455
mycofact_glyco,mycofactocin,455
mycofact_rSAM,mycofact_creat,452
mycofactocin,mycofact_creat,449
Mycofactocin_RRE,mycofact_creat,448
mycofact_rSAM,mycofact_TetR,445
mycofact_glyco,Mycofactocin_RRE,442
mycofact_glyco,mycofact_creat,393
mycofact_creat,actino_HemFlav,380
mycofact_glyco,actino_HemFlav,369
actino_HemFlav,mycofact_TetR,368
mycofact_TetR,mycofact_creat,348
mycofact_glyco,mycofact_TetR,310
Rv0697,mycofact_rSAM,211
Rv0697,mycofactocin,207
mycofactocin,SDR_subfam_1,205
Mycofactocin_RRE,SDR_subfam_1,205
Rv0697,Mycofactocin_RRE,199
mycofact_rSAM,SDR_subfam_1,199
Rv0697,actino_HemFlav,190
Rv0697,mycofact_glyco,184
mycofact_TetR,SDR_subfam_1,180
Rv0697,mycofact_TetR,180
Rv0697,mycofact_creat,177
SDR_subfam_1,actino_HemFlav,170
SDR_subfam_2,mycofact_rSAM,160
SDR_subfam_2,mycofactocin,160
mycofactocin,Pyr_redox_2,158
SDR_subfam_2,Mycofactocin_RRE,155
mycofact_rSAM,Pyr_redox_2,155
Mycofactocin_RRE,Pyr_redox_2,151
mycofact_rSAM,TetR_N,151
SDR_subfam_1,mycofact_creat,151
mycofactocin,TetR_N,149
mycofact_glyco,SDR_subfam_1,145
mycofact_TetR,Pyr_redox_2,144
actino_HemFlav,Pyr_redox_2,141
mycofact_glyco,Pyr_redox_2,141
Mycofactocin_RRE,TetR_N,141
mycofact_creat,Pyr_redox_2,132
SDR_subfam_2,mycofact_creat,130
mycofact_glyco,SDR_subfam_2,129
Mycofactocin_RRE,AAA_5,128
mycofactocin,AAA_5,127
mycofact_rSAM,AAA_5,126
actino_HemFlav,TetR_N,123
mycofact_TetR,TetR_N,123
SDR_subfam_2,actino_HemFlav,122
mycofact_glyco,TetR_N,117
mycofact_creat,TetR_N,111
VWA_CoxE,Mycofactocin_RRE,111
VWA_CoxE,mycofactocin,110
VWA_CoxE,mycofact_rSAM,109
Rv0697,Pyr_redox_2,106
SDR_subfam_2,mycofact_TetR,102
mycofact_OYE_2,Mycofactocin_RRE,99
mycofact_OYE_2,mycofactocin,99
mycofact_OYE_2,mycofact_rSAM,98
TetR_N,Rv0697,97
SDR_subfam_1,Rv0697,92
NDMA_methanol,Mycofactocin_RRE,91
AAA_5,VWA_CoxE,90
NDMA_methanol,mycofactocin,90
NDMA_methanol,mycofact_rSAM,89
SDR_subfam_1,Pyr_redox_2,89
TetR_N,Pyr_redox_2,87
mycofact_OYE_1,mycofact_rSAM,86
mycofact_OYE_1,Mycofactocin_RRE,86
mycofact_OYE_1,mycofactocin,86
NDMA_methanol,VWA_CoxE,86
Mycofactocin_RRE,HisKA_3,84
mycofactocin,HisKA_3,83
mycofact_rSAM,PA_CoA_Oxy5,81
mycofact_OYE_2,mycofact_OYE_1,81
VWA_CoxE,mycofact_glyco,81
mycofact_rSAM,HisKA_3,81
Methyltransf_11,Mycofactocin_RRE,80
mycofactocin,PA_CoA_Oxy5,80
AAA_5,mycofact_creat,80
AAA_5,actino_HemFlav,80
Methyltransf_11,mycofactocin,79
Methyltransf_11,mycofact_rSAM,78
mycofactocin,Response_reg,77
Mycofactocin_RRE,Response_reg,77
VWA_CoxE,mycofact_creat,77
NDMA_methanol,AAA_5,76
efflux_EmrB,Mycofactocin_RRE,76
mycofact_glyco,AAA_5,75
efflux_EmrB,mycofactocin,74
efflux_EmrB,mycofact_rSAM,74
mycofact_rSAM,Response_reg,74
efflux_EmrB,mycofact_TetR,71
Mycofactocin_RRE,PA_CoA_Oxy5,70
Mycofactocin_RRE,Fe-ADH,70
mycofactocin,Fe-ADH,69
HisKA_3,Response_reg,68
efflux_EmrB,actino_HemFlav,67
mycofact_rSAM,Fe-ADH,67
Fe-ADH,HisKA_3,66
efflux_EmrB,mycofact_creat,66
efflux_EmrB,mycofact_glyco,66
Rxyl_3153,Mycofactocin_RRE,66
NDMA_methanol,mycofact_glyco,66
mycofact_OYE_2,mycofact_TetR,66
mycofact_OYE_1,mycofact_TetR,65
VWA_CoxE,HisKA_3,65
VWA_CoxE,actino_HemFlav,65
actino_HemFlav,PA_CoA_Oxy5,64
NDMA_methanol,mycofact_creat,64
Rxyl_3153,mycofactocin,64
Glyoxalase_6,mycofact_TetR,63
Rxyl_3153,mycofact_rSAM,63
Glyoxalase_6,Mycofactocin_RRE,63
efflux_EmrB,Rv0697,63
mycofact_TetR,PA_CoA_Oxy5,63
Methyltransf_11,actino_HemFlav,63
Glyoxalase_6,mycofactocin,61
VWA_CoxE,Response_reg,60
Glyoxalase_6,mycofact_rSAM,60
efflux_EmrB,TetR_N,60
NDMA_methanol,HisKA_3,58
VWA_CoxE,Fe-ADH,58
mycofact_glyco,PA_CoA_Oxy5,58
Glyoxalase_6,actino_HemFlav,56
SDR_subfam_1,TetR_N,56
PA_CoA_Oxy5,Pyr_redox_2,56
NDMA_methanol,Response_reg,56
AAA_5,HisKA_3,55
Glyoxalase_6,mycofact_glyco,55
Glyoxalase_6,Rv0697,54
CoA_transf_3,mycofactocin,54
CoA_transf_3,mycofact_rSAM,54
Pyr_redox_2,Glyoxalase_6,54
Sig70_famx2,Mycofactocin_RRE,54
Glyoxalase_6,mycofact_creat,53
actino_HemFlav,HisKA_3,53
CoA_transf_3,Mycofactocin_RRE,53
Sig70_famx2,mycofact_TetR,53
Fe-ADH,Response_reg,53
efflux_EmrB,Pyr_redox_2,53
SDR_subfam_1,PA_CoA_Oxy5,53
Glyoxalase_6,Sig70_famx2,53
mycofact_TetR,AAA_5,53
ETF_alpha,mycofactocin,52
Sig70_famx2,mycofactocin,52
ETF_alpha,Mycofactocin_RRE,52
mycofact_creat,PA_CoA_Oxy5,52
Sig70_famx2,actino_HemFlav,51
Sig70_famx2,mycofact_rSAM,51
mycofact_glyco,HisKA_3,50
mycofact_rSAM,DNA_alkylation,50
Pyr_redox_2,Sig70_famx2,50
Sig70_famx2,mycofact_glyco,50
PA_CoA_Oxy5,DNA_alkylation,50
NDMA_methanol,actino_HemFlav,50
Sig70_famx2,Rv0697,50
mycofact_glyco,Response_reg,50
AAA_5,Response_reg,50
CoA_transf_3,actino_HemFlav,50
GG-red-SF,mycofactocin,50
GG-red-SF,Mycofactocin_RRE,50
mycofact_rSAM,CYP450_TxtE,49
GG-red-SF,ETF_alpha,49
mycofactocin,DNA_alkylation,49
actino_HemFlav,CYP450_TxtE,49
ETF_alpha,mycofact_OYE_2,49
NDMA_methanol,Fe-ADH,49
Mycofactocin_RRE,CYP450_TxtE,49
ETF_alpha,mycofact_rSAM,49
mycofact_glyco,CYP450_TxtE,49
Rv0697,CYP450_TxtE,48
GG-red-SF,mycofact_OYE_2,48
Mycofactocin_RRE,HTH_AsnC-type,48
Aldedh,mycofactocin,48
Response_reg,mycofact_creat,48
mycofact_TetR,CYP450_TxtE,48
HisKA_3,mycofact_creat,48
CoA_transf_3,mycofact_TetR,48
mycofact_creat,CoA_transf_3,48
actino_HemFlav,Response_reg,47
AAA_5,Fe-ADH,47
mycofactocin,HTH_AsnC-type,47
mycofact_TetR,HTH_AsnC-type,47
Sig70_famx2,mycofact_creat,47
GG-red-SF,mycofact_rSAM,47
mycofactocin,AMP-binding,46
actino_HemFlav,Fe-ADH,46
HisKA_3,Methyltransf_11,46
mycofactocin,CYP450_TxtE,46
Aldedh,Mycofactocin_RRE,46
TetR_N,Glyoxalase_6,46
mycofact_rSAM,HTH_AsnC-type,46
Aldedh,mycofact_rSAM,46
Methyltransf_11,AAA_5,45
mycofact_glyco,CoA_transf_3,45
AMP-binding,mycofact_rSAM,45
mycofact_creat,CYP450_TxtE,45
Methyltransf_11,VWA_CoxE,45
actino_HemFlav,HTH_AsnC-type,45
Rxyl_3153,actino_HemFlav,44
mycofact_glyco,HTH_AsnC-type,44
Pyr_redox_2,HTH_AsnC-type,44
Pyr_redox_2,CYP450_TxtE,44
Rxyl_3153,mycofact_glyco,43
Pyr_redox_2,DDAH_eukar,43
DUF2332,mycofact_TetR,43
DUF2332,mycofactocin,43
DUF2332,Mycofactocin_RRE,43
DNA_alkylation,Pyr_redox_2,43
Mycofactocin_RRE,DDAH_eukar,43
Rv0697,HTH_AsnC-type,43
mycofact_glyco,Fe-ADH,43
mycofact_TetR,DDAH_eukar,43
mycofactocin,DDAH_eukar,42
TetR_N,Sig70_famx2,42
Rxyl_3153,mycofact_TetR,42
mycofactocin,adh_short_C2,42
VWA_CoxE,SDR_subfam_2,42
DUF2332,mycofact_glyco,41
DUF2332,mycofact_creat,41
DUF2332,actino_HemFlav,41
DUF2332,mycofact_rSAM,41
DUF2332,Rv0697,41
mycofact_glyco,DNA_alkylation,41
mycofact_rSAM,adh_short_C2,41
actino_HemFlav,DDAH_eukar,41
mycofact_rSAM,DDAH_eukar,41
mycofact_creat,HTH_AsnC-type,41
Methyltransf_11,NDMA_methanol,41
Mycofactocin_RRE,adh_short_C2,41
Mycofactocin_RRE,DNA_alkylation,40
Aldedh,actino_HemFlav,40
Rv0697,DDAH_eukar,40
mycofact_TetR,DNA_alkylation,40
Mycofactocin_RRE,AMP-binding,40
Rxyl_3153,mycofact_creat,40
CoA_transf_3,SDR_subfam_1,39
mft_etfB,mycofactocin,39
TetR_N,CYP450_TxtE,39
mycofact_glyco,Methyltransf_11,39
Aldedh,mycofact_glyco,39
mft_etfB,Mycofactocin_RRE,39
GMC_mycofac_2,Mycofactocin_RRE,39
Fe-ADH,Methyltransf_11,39
mycofact_glyco,DDAH_eukar,39
Methyltransf_11,mycofact_creat,39
efflux_EmrB,Glyoxalase_6,39
GMC_mycofac_2,mycofact_creat,38
actino_HemFlav,DNA_alkylation,38
GMC_mycofac_2,mycofact_rSAM,38
GMC_mycofac_2,mycofact_glyco,38
mycofact_creat,Aldedh,38
mft_etfB,GG-red-SF,38
GMC_mycofac_2,actino_HemFlav,38
CoA_transf_3,PA_CoA_Oxy5,38
Methyltransf_11,Response_reg,38
mycofact_glyco,mycofact_OYE_2,38
GMC_mycofac_2,mycofactocin,38
mycofact_creat,DDAH_eukar,37
mycofact_rSAM,VWA_2,37
Mycofactocin_RRE,VWA_2,37
Fe-ADH,mycofact_creat,37
mycofactocin,VWA_2,37
GMC_mycofac_2,mycofact_TetR,37
efflux_EmrB,Sig70_famx2,37
Mycofactocin_RRE,adh_short,37
HTH_AsnC-type,DDAH_eukar,37
mft_etfB,ETF_alpha,37
mft_etfB,mycofact_OYE_2,36
mycofact_TetR,VWA_2,36
mft_etfB,mycofact_rSAM,36
mycofact_rSAM,adh_short,36
mycofactocin,adh_short,36
ETF_alpha,mycofact_OYE_1,36
Methyltransf_25,Mycofactocin_RRE,35
TetR_N,HTH_AsnC-type,35
AAA_5,SDR_subfam_2,35
Pyr_redox_2,DUF2332,35
mycofact_OYE_2,mycofact_creat,35
AMP-binding,mycofact_glyco,35
Methyltransf_25,mycofactocin,35
GG-red-SF,mycofact_OYE_1,35
CoA_transf_3,Pyr_redox_2,34
SDR_subfam_1,DNA_alkylation,34
mycofact_creat,mycofact_OYE_1,34
actino_HemFlav,adh_short_C2,34
mycofactocin,ECH_1,34
CYP450_TxtE,Glyoxalase_6,34
Methyltransf_25,mycofact_rSAM,34
NDMA_methanol,SDR_subfam_2,33
GMC_mycofac_2,SDR_subfam_1,33
mycofact_rSAM,ECH_1,33
mycofact_creat,DNA_alkylation,33
Pyrid_ox_like,Mycofactocin_RRE,33
Pyrid_ox_like,mycofact_rSAM,33
Pyrid_ox_like,mycofact_TetR,33
SDR_subfam_1,AAA_5,33
SDR_subfam_1,DUF2332,33
SDR_subfam_1,VWA_2,33
Pyrid_ox_like,mycofactocin,33
Glyoxalase_6,DDAH_eukar,32
Pyr_redox_2,Orn_aminotrans,32
mycofact_TetR,Orn_aminotrans,32
Peripla_BP_2,Mycofactocin_RRE,32
Mycofactocin_RRE,Orn_aminotrans,32
PA_CoA_Oxy5,TetR_N,32
mycofactocin,Orn_aminotrans,32
Glyoxalase_6,HTH_AsnC-type,32
CYP450_TxtE,Sig70_famx2,32
efflux_EmrB,SDR_subfam_1,32
mft_etfB,mycofact_OYE_1,32
GMC_mycofac_2,CoA_transf_3,31
VWA_CoxE,Methyltransf_25,31
CYP450_TxtE,HTH_AsnC-type,31
actino_HemFlav,Orn_aminotrans,31
cyc_hxne_CoA_dh,mycofactocin,31
TetR_N,DDAH_eukar,31
Sig70_famx2,HTH_AsnC-type,31
mycofact_rSAM,Orn_aminotrans,31
Peripla_BP_2,mycofact_rSAM,31
Mycofactocin_RRE,ECH_1,31
Methyltransf_11,mycofact_TetR,30
SDR_subfam_1,mycofact_OYE_2,30
FAD_binding_3,mycofactocin,30
cyc_hxne_CoA_dh,mycofact_rSAM,30
Peripla_BP_2,mycofact_creat,30
cyc_hxne_CoA_dh,Mycofactocin_RRE,30
FAD_binding_3,Mycofactocin_RRE,30
GMC_mycofac_2,PA_CoA_Oxy5,30
FAD_binding_3,mycofact_rSAM,30
Rv0697,Orn_aminotrans,30
Peripla_BP_2,mycofactocin,30
SDR_subfam_2,Response_reg,29
CoA_transf_3,DNA_alkylation,29
mycofactocin,SHOCT,29
mycofact_glyco,Orn_aminotrans,29
Mycofactocin_RRE,SHOCT,29
DDAH_eukar,Orn_aminotrans,29
Sig70_famx2,DDAH_eukar,29
NDMA_methanol,Methyltransf_25,29
Peripla_BP_2,mycofact_TetR,29
GMC_mycofac_2,Pyr_redox_2,28
mycofact_glyco,SHOCT,28
CYP450_TxtE,efflux_EmrB,28
mycofact_rSAM,gas_vesic_GvpN,28
mycofact_TetR,VWA_CoxE,28
mycofact_creat,Orn_aminotrans,28
ETF_alpha,mycofact_TetR,28
Mycofactocin_RRE,gas_vesic_GvpN,28
actino_HemFlav,mycofact_OYE_2,28
HTH_AsnC-type,Orn_aminotrans,28
mycofact_creat,Pyrid_ox_like,28
mycofactocin,gas_vesic_GvpN,28
mycofact_TetR,SHOCT,27
GerE,Mycofactocin_RRE,27
CYP450_TxtE,DDAH_eukar,27
mycofact_rSAM,SHOCT,27
mycofact_creat,SHOCT,27
actino_HemFlav,AMP-binding,27
mycofact_OYE_1,SDR_subfam_1,27
actino_HemFlav,ECH_1,27
efflux_EmrB,HTH_AsnC-type,27
AAA_5,VWA_2,27
Pyr_redox_2,SHOCT,27
Methyltransf_25,mycofact_glyco,27
mycofact_creat,adh_short_C2,27
FAD_binding_3,mycofact_TetR,26
SDR_subfam_2,mycofact_OYE_1,26
actino_HemFlav,adh_short,26
mycofactocin,pcaR_pcaU,26
Rv0697,SHOCT,26
SDR_subfam_2,mycofact_OYE_2,26
Mycofactocin_RRE,pcaR_pcaU,26
GG-red-SF,mycofact_TetR,26
actino_HemFlav,SHOCT,26
mft_etfB,mycofact_TetR,26
GerE,mycofactocin,26
SDR_subfam_1,SHOCT,26
GerE,mycofact_rSAM,26
TetR_N,DUF2332,26
Methyltransf_25,HisKA_3,25
efflux_EmrB,DDAH_eukar,25
actino_HemFlav,mycofact_OYE_1,25
AAA_5,Methyltransf_25,25
VWA_2,actino_HemFlav,25
mycofact_rSAM,pcaR_pcaU,25
Methyltransf_25,Response_reg,25
SDR_subfam_2,HisKA_3,25
mycofact_creat,adh_short,25
mycofact_TetR,ECH_1,24
Peripla_BP_2,Pyrid_ox_like,24
SDR_subfam_1,Glyoxalase_6,24
GMC_mycofac_2,DNA_alkylation,24
PA_CoA_Oxy5,glut_race,24
cyc_hxne_CoA_dh,actino_HemFlav,24
mycofact_glyco,adh_short,24
mycofact_glyco,mycofact_OYE_1,24
mycofact_TetR,adh_short,24
SDR_subfam_2,mft_etfB,24
mycofact_glyco,ECH_1,24
mycofact_TetR,adh_short_C2,24
Rv0697,VWA_2,24
Methyltransf_25,mycofact_creat,24
FAD_binding_3,mycofact_creat,23
actino_HemFlav,pcaR_pcaU,23
Methyltransf_25,Fe-ADH,23
SDR_subfam_2,ETF_alpha,23
SDR_subfam_2,Fe-ADH,23
GerE,actino_HemFlav,23
mycofact_rSAM,MFS_1,23
SPW,TetR_N,23
SDR_subfam_2,Rxyl_3153,23
TetR_N,Orn_aminotrans,23
PA_CoA_Oxy5,SPW,23
mycofact_rSAM,glut_race,23
mycofact_glyco,adh_short_C2,23
Methyltransf_25,actino_HemFlav,23
mycofactocin,MFS_1,23
SDR_subfam_2,GG-red-SF,23
mycofactocin,NUDIX,23
mycofact_TetR,Aldedh,22
mycofactocin,glut_race,22
FeFe_hydrog_B1,mycofact_rSAM,22
FeFe_hydrog_B1,Mycofactocin_RRE,22
Mycofactocin_RRE,MFS_1,22
FeFe_hydrog_B1,mycofactocin,22
mycofact_rSAM,NUDIX,22
cyc_hxne_CoA_dh,mycofact_TetR,22
mycofact_rSAM,SPW,22
FAD_binding_3,Pyrid_ox_like,22
LysR_substrate,Mycofactocin_RRE,22
mycofact_creat,ECH_1,22
AMP-binding,mycofact_creat,22
glut_race,TetR_N,22
Mycofactocin_RRE,NUDIX,22
glut_race,SPW,21
FeFe_hydrog_B1,GG-red-SF,21
FeFe_hydrog_B1,ETF_alpha,21
Polyketide_cyc2,mycofact_rSAM,21
DUF2332,SHOCT,21
HisKA_3,mycofact_TetR,21
efflux_EmrB,DUF2332,21
Glyoxalase_6,Orn_aminotrans,21
Fer4_2,mycofactocin,21
FeFe_hydrog_B1,mycofact_OYE_2,21
mycofactocin,drrA,21
Methyltransf_11,SDR_subfam_1,21
Polyketide_cyc2,Mycofactocin_RRE,21
Rv0697,AAA_5,21
mycofactocin,SPW,21
cyc_hxne_CoA_dh,mycofact_glyco,21
Mycofactocin_RRE,drrA,21
Fer4_2,Mycofactocin_RRE,21
Fer4_2,GG-red-SF,21
AMP-binding,mycofact_TetR,20
Rv0697,PA_CoA_Oxy5,20
Fer4_2,ETF_alpha,20
Polyketide_cyc2,mycofactocin,20
Polyketide_cyc2,mycofact_TetR,20
mycofact_OYE_2,TetR_N,20
TetR_C_1,mycofact_rSAM,20
TetR_N,SHOCT,20
VWA_2,mycofact_creat,20
SDR_subfam_2,TetR_N,20
mycofact_TetR,DoxX_3,19
DoxX_3,Pyr_redox_2,19
Mycofactocin_RRE,DoxX_3,19
TetR_C_1,mycofactocin,19
PA_CoA_Oxy5,DoxX_3,19
actino_HemFlav,DoxX_3,19
SDR_subfam_1,DoxX_3,19
Mycofactocin_RRE,SnoaL_2,19
mycofact_OYE_1,TetR_N,19
Fer4_2,mycofact_rSAM,19
mycofactocin,SnoaL_2,19
mycofact_rSAM,SnoaL_2,19
Fer4_2,mycofact_OYE_2,19
LysR_substrate,mycofactocin,19
LysR_substrate,mycofact_rSAM,19
SDR_subfam_1,Sig70_famx2,19
cyc_hxne_CoA_dh,mycofact_creat,18
mycofact_rSAM,P450_cycloAA_1,18
mycofact_rSAM,DoxX_3,18
mycofact_glyco,glut_race,18
DoxX_3,DNA_alkylation,18
Sig70_famx2,Orn_aminotrans,18
glut_race,Pyr_redox_2,18
Response_reg,mycofact_TetR,18
Mycofactocin_RRE,P450_cycloAA_1,18
mycofact_glyco,ETF_alpha,18
mycofactocin,P450_cycloAA_1,18
SDR_subfam_2,ECH_1,18
mycofact_rSAM,drrA,18
Aldedh,SDR_subfam_2,18
mycofact_creat,gas_vesic_GvpN,18
mycofact_creat,DoxX_3,18
mft_etfB,FeFe_hydrog_B1,18
mycofactocin,DoxX_3,18
drrA,mycofact_TetR,18
SDR_subfam_2,Methyltransf_11,18
CoA_transf_3,DoxX_3,18
FeFe_hydrog_B1,mycofact_OYE_1,18
DUF222,Mycofactocin_RRE,17
DUF222,mycofactocin,17
mycofact_glyco,DoxX_3,17
Rxyl_3153,AAA_5,17
AMP-binding,Rv0697,17
Rxyl_3153,FAD_binding_3,17
Amidohydro_2,Mycofactocin_RRE,17
mycofact_TetR,pcaR_pcaU,17
am_tr_V_VC1184,mycofact_TetR,17
Amidohydro_2,mycofact_rSAM,17
Methyltransf_11,mycofact_OYE_2,17
Amidohydro_2,mycofactocin,17
Mycofactocin_RRE,efflux_Bcr_CflA,17
efflux_EmrB,SHOCT,17
am_tr_V_VC1184,mycofact_rSAM,17
CYP450_TxtE,Orn_aminotrans,17
am_tr_V_VC1184,mycofactocin,17
am_tr_V_VC1184,Mycofactocin_RRE,17
mycofact_TetR,SnoaL_2,17
mycofact_rSAM,efflux_Bcr_CflA,17
Peripla_BP_2,actino_HemFlav,17
mycofactocin,efflux_Bcr_CflA,17
FAD_binding_3,Peripla_BP_2,17
mycofact_TetR,gas_vesic_GvpN,17
efflux_EmrB,Orn_aminotrans,16
DNA_alkylation,TetR_N,16
Pyr_redox_2,SPW,16
DNA_alkylation,glut_race,16
efflux_Bcr_CflA,mycofact_creat,16
actino_HemFlav,SnoaL_2,16
actino_HemFlav,MFS_1,16
DUF222,mycofact_rSAM,16
mycofact_creat,SnoaL_2,16
CO_dehy_Mo_lg,mycofactocin,16
mycofact_glyco,SPW,16
FeFe_hydrog_B1,mycofact_TetR,16
GAF,mycofact_rSAM,16
Mycofactocin_RRE,Isochorismatase,16
mycofact_creat,pcaR_pcaU,16
mycofactocin,Isochorismatase,16
betA,mycofactocin,16
betA,Mycofactocin_RRE,16
betA,mycofact_rSAM,16
mycofact_TetR,NDMA_methanol,16
betA,mycofact_creat,16
mycofactocin,EF-G,16
mycofact_rSAM,Isochorismatase,16
pcaR_pcaU,mycofact_glyco,16
Methyltransf_11,mycofact_OYE_1,16
mycofact_TetR,efflux_Bcr_CflA,16
GMC_mycofac_2,DoxX_3,16
CO_dehy_Mo_lg,mycofact_glyco,16
mycofact_glyco,GG-red-SF,16
CO_dehy_Mo_lg,mycofact_rSAM,16
Rv0697,adh_short,16
CO_dehy_Mo_lg,Mycofactocin_RRE,16
Rxyl_3153,Pyrid_ox_like,16
mycofact_glyco,gas_vesic_GvpN,16
mycofact_rSAM,COesterase,16
GAF,mycofact_glyco,15
actino_HemFlav,gas_vesic_GvpN,15
FAD_binding_3,actino_HemFlav,15
CO_dehy_Mo_lg,mycofact_creat,15
Phosphodiest,mycofact_rSAM,15
PA_CoA_Oxy5,mycofact_OYE_2,15
mycofactocin,Usp,15
Phosphodiest,mycofact_creat,15
Methyltransf_25,SDR_subfam_2,15
Mycofactocin_RRE,Usp,15
Polyketide_cyc2,mycofact_creat,15
EF-Tu,Mycofactocin_RRE,15
Mycofactocin_RRE,EF-G,15
mycofact_rSAM,DUF952,15
Mycofactocin_RRE,DUF952,15
mft_etfB,Fer4_2,15
mycofactocin,Rv1155_F420,15
mycofactocin,DUF952,15
EF-Tu,mycofact_rSAM,15
Rv0697,glut_race,15
EF-Tu,actino_HemFlav,15
betA,actino_HemFlav,15
EF-Tu,mycofactocin,15
betA,mycofact_glyco,15
protocat_pcaD,mycofactocin,15
mycofact_rSAM,Usp,15
mycofact_glyco,COesterase,15
mycofact_glyco,NUDIX,15
mycofact_rSAM,EF-G,15
mycofactocin,Transp_cyt_pur,15
Pyrid_ox_like,efflux_Bcr_CflA,15
am_tr_V_VC1184,Pyrid_ox_like,15
mycofact_rSAM,Transp_cyt_pur,15
Mycofactocin_RRE,Transp_cyt_pur,15
actino_HemFlav,Asp_Glu_race,15
VWA_CoxE,mycofact_OYE_2,15
mycofact_TetR,Isochorismatase,15
mycofactocin,COesterase,15
mycofact_TetR,UPF0225,15
Mycofactocin_RRE,Asp_Glu_race,15
AHSA1,Mycofactocin_RRE,15
GerE,Methyltransf_11,15
Mycofactocin_RRE,COesterase,15
mycofactocin,Asp_Glu_race,15
AHSA1,mycofact_rSAM,15
Peripla_BP_2,mycofact_glyco,15
mycofact_glyco,MFS_1,15
actino_HemFlav,COesterase,15
Pyrid_ox_like,actino_HemFlav,15
Pyrid_ox_like,UPF0225,15
mycofact_rSAM,UPF0225,15
AHSA1,mycofactocin,15
mycofactocin,GAF,15
Mycofactocin_RRE,UPF0225,15
mycofactocin,UPF0225,15
DUF222,mycofact_TetR,15
mycofact_rSAM,Asp_Glu_race,15
PA_CoA_Oxy5,mycofact_OYE_1,14
mycofact_OYE_1,AAA_5,14
mycofact_rSAM,Aldo_ket_red,14
mycofact_rSAM,Rv1155_F420,14
EF-Tu,mycofact_TetR,14
Amidohydro_2,mycofact_TetR,14
Phosphodiest,mycofactocin,14
mycofactocin,Aldo_ket_red,14
mycofact_glyco,EF-G,14
P450_cycloAA_1,actino_HemFlav,14
Phosphodiest,Mycofactocin_RRE,14
P450_cycloAA_1,mycofact_glyco,14
EF-Tu,Pyr_redox_2,14
Fer4_2,mycofact_OYE_1,14
mycofact_OYE_1,VWA_CoxE,14
adk,mycofactocin,14
mycofact_creat,Isochorismatase,14
Mycofactocin_RRE,Rv1155_F420,14
TetR_C_1,PA_CoA_Oxy5,14
EAL,Mycofactocin_RRE,14
efflux_Bcr_CflA,Peripla_BP_2,14
EAL,mycofactocin,14
DNA_alkylation,SPW,14
EAL,mycofact_TetR,14
mycofact_creat,COesterase,14
Rxyl_3153,SDR_subfam_1,14
Rxyl_3153,Aldedh,14
HisKA_3,GerE,14
Fe-ADH,mycofact_TetR,14
Fe-ADH,GerE,14
protocat_pcaD,Mycofactocin_RRE,14
Rxyl_3153,Peripla_BP_2,14
DUF222,actino_HemFlav,14
EAL,mycofact_rSAM,14
drrA,actino_HemFlav,14
Amidohydro_2,actino_HemFlav,14
COesterase,mycofact_TetR,14
EF-Tu,mycofact_creat,14
EF-Tu,mycofact_glyco,14
EF-Tu,Rv0697,14
Rv0697,EF-G,14
AcCoA-C-Actrans,mycofact_rSAM,14
AcCoA-C-Actrans,Mycofactocin_RRE,14
COesterase,Rv0697,14
adk,Mycofactocin_RRE,14
AcCoA-C-Actrans,mycofactocin,14
SDR_subfam_2,FeFe_hydrog_B1,14
adk,mycofact_rSAM,14
adk,mycofact_glyco,14
4hydroxCoAred,mycofact_creat,13
mycofact_creat,DUF952,13
TetR_C_1,mycofact_glyco,13
mycofact_glyco,Phosphodiest,13
4hydroxCoAred,mycofact_rSAM,13
adh_short_C2,SDR_subfam_1,13
cyc_hxne_CoA_dh,SDR_subfam_2,13
betA,mycofact_TetR,13
protocat_pcaD,mycofact_rSAM,13
mycofact_creat,Rv1155_F420,13
4hydroxCoAred,mycofactocin,13
mycofact_creat,EAL,13
4hydroxCoAred,Mycofactocin_RRE,13
mycofact_OYE_2,NUDIX,13
Aldedh,Rv0697,13
SPW,Mycofactocin_RRE,13
4hydroxCoAred,mycofact_glyco,13
mycofactocin,Fer4_13,13
GerE,mycofact_creat,13
am_tr_V_VC1184,mycofact_creat,13
NUDIX,mycofact_TetR,13
mycofact_glyco,GerE,13
SDR_subfam_1,CYP450_TxtE,13
Rv0697,adh_short_C2,13
Mycofactocin_RRE,Fer4_13,13
mycofact_TetR,Usp,13
mycofact_rSAM,Fer4_13,13
Amidohydro_2,mycofact_glyco,13
AMP-binding,SDR_subfam_2,13
FAD_binding_3,mycofact_glyco,13
FAD_binding_3,UPF0225,13
Rv0697,SPW,13
actino_HemFlav,EF-G,13
Rv0697,DNA_alkylation,13
Pyrid_ox_like,mycofact_glyco,13
adh_short_C2,SDR_subfam_2,13
EF-Tu,SDR_subfam_1,13
gas_vesic_GvpN,VWA_CoxE,13
mycofact_TetR,EF-G,13
P450_cycloAA_1,mycofact_creat,13
Ribonuc_L-PSP,mycofactocin,12
Methyltransf_11,Rv0697,12
adk,actino_HemFlav,12
mycofact_OYE_2,Rxyl_3153,12
SDR_subfam_1,P450_cycloAA_1,12
mycofact_glyco,LysR_substrate,12
Amidohydro_2,mycofact_creat,12
Ribonuc_L-PSP,mycofact_rSAM,12
TetR_C_1,glut_race,12
protocat_pcaD,mycofact_glyco,12
TetR_C_1,Mycofactocin_RRE,12
EF-Tu,EF-G,12
Ribonuc_L-PSP,Mycofactocin_RRE,12
DUF222,mycofact_creat,12
EAL,actino_HemFlav,12
Ac_CoA_lig_AcsA,mycofact_glyco,12
Ac_CoA_lig_AcsA,mycofact_rSAM,12
Ac_CoA_lig_AcsA,Mycofactocin_RRE,12
Ac_CoA_lig_AcsA,mycofactocin,12
Pyr_redox_2,EF-G,12
mycofact_TetR,Asp_Glu_race,12
SDR_subfam_2,SDR_subfam_1,12
TetR_C_1,mycofact_TetR,12
mycofact_glyco,Isochorismatase,12
HTH_20,mycofact_rSAM,12
UPF0225,mycofact_creat,12
mycofact_TetR,P450_cycloAA_1,12
mycofact_rSAM,HxlR,12
actino_HemFlav,HxlR,12
mycofact_OYE_2,AAA_5,12
Glyoxalase_6,DUF2332,12
EF-Tu,DUF2332,12
mycofact_glyco,Rv1155_F420,12
P450_rel_GT_act,Mycofactocin_RRE,12
mycofact_TetR,Rv1155_F420,12
Mycofactocin_RRE,HxlR,12
PA_CoA_Oxy5,Rv1155_F420,12
P450_rel_GT_act,mycofactocin,12
mycofactocin,HxlR,12
Mycofactocin_RRE,Aldo_ket_red,12
COesterase,CYP450_TxtE,12
AMP-binding,PA_CoA_Oxy5,12
AMP-binding,TetR_N,12
Sig70_famx2,DUF2332,12
PGDH,mycofact_creat,11
mycofact_glyco,DUF952,11
Rv0697,P450_cycloAA_1,11
Acetyltransf_1,Mycofactocin_RRE,11
Phosphodiest,DUF952,11
DUF222,mycofact_glyco,11
Acetyltransf_1,mycofactocin,11
Sig70_famx2,SHOCT,11
CO_dehy_Mo_lg,4hydroxCoAred,11
Rv0697,TetR_C_1,11
ETF,Mycofactocin_RRE,11
mycofact_TetR,Transp_cyt_pur,11
PGDH,Mycofactocin_RRE,11
ETF,mycofact_rSAM,11
HTH_20,Mycofactocin_RRE,11
PGDH,mycofactocin,11
mycofact_creat,EF-G,11
HTH_20,mycofactocin,11
GG-red-SF,NUDIX,11
ETF_alpha,NUDIX,11
DUF4442,Mycofactocin_RRE,11
TetR_C_1,DNA_alkylation,11
mycofact_creat,adk,11
DUF4442,mycofactocin,11
mycofact_OYE_2,HisKA_3,11
mycofact_OYE_1,HisKA_3,11
Glyoxalase_6,SHOCT,11
ETF,mycofactocin,11
actino_HemFlav,LysR_substrate,11
Ac_CoA_lig_AcsA,actino_HemFlav,11
Aldedh,AAA_5,11
actino_HemFlav,UPF0225,11
Pyrid_ox_like,Isochorismatase,11
P450_rel_GT_act,mycofact_TetR,11
adk,Ac_CoA_lig_AcsA,11
Rxyl_3153,UPF0225,11
mycofactocin,Glyoxalase,11
P450_rel_GT_act,mycofact_rSAM,11
Mycofactocin_RRE,Glyoxalase,11
glut_race,mycofact_TetR,11
mycofact_rSAM,Glyoxalase,11
glut_race,Mycofactocin_RRE,11
adk,NDMA_methanol,11
GGDEF,Mycofactocin_RRE,11
CoA_transf_3,Rv1155_F420,11
adk,Response_reg,11
mycofact_creat,LysR_substrate,11
mycofact_TetR,MFS_1,11
Pyr_redox_2,Rv1155_F420,11
adk,HisKA_3,11
NDMA_methanol,gas_vesic_GvpN,11
Polyketide_cyc2,Pyrid_ox_like,11
SPW,mycofact_TetR,11
actino_HemFlav,Rv1155_F420,11
DNA_alkylation,Rv1155_F420,11
adk,VWA_CoxE,11
SPW,mycofact_OYE_2,11
SPW,actino_HemFlav,11
SPW,mycofact_OYE_1,10
mycofact_OYE_2,Response_reg,10
AAA_5,Polyketide_cyc2,10
mycofact_creat,MFS_1,10
P450_rel_GT_act,mycofact_creat,10
P450_rel_GT_act,mycofact_glyco,10
Acyl-CoA_dh_1,mycofact_TetR,10
4hydroxCoAred,Phosphodiest,10
actino_HemFlav,Fer4_13,10
SDR_subfam_1,Response_reg,10
mycofact_creat,Fer4_13,10
mycofact_glyco,Fer4_13,10
4hydroxCoAred,DUF952,10
SDR_subfam_1,HisKA_3,10
adk,AAA_5,10
Acyl-CoA_dh_1,Mycofactocin_RRE,10
Acyl-CoA_dh_1,mycofactocin,10
P450_rel_GT_act,actino_HemFlav,10
Asp_Glu_race,Rv0697,10
AcCoA-C-Actrans,mycofact_creat,10
AcCoA-C-Actrans,mycofact_glyco,10
Ac_CoA_lig_AcsA,mycofact_creat,10
DUF222,Rv0697,10
GMC_mycofac_2,Rv1155_F420,10
LysR_substrate,mycofact_TetR,10
Acetyltransf_1,mycofact_rSAM,10
Acetyltransf_1,actino_HemFlav,10
PGDH,mycofact_glyco,10
mycofact_glyco,SnoaL_2,10
PGDH,mycofact_rSAM,10
PGDH,mycofact_TetR,10
UPF0225,Peripla_BP_2,10
COesterase,Pyr_redox_2,10
SpoIIE,Mycofactocin_RRE,10
CoA_transf_3,TetR_N,10
Asp_Glu_race,Orn_aminotrans,10
SDR_subfam_1,Rv1155_F420,10
SDR_subfam_1,ETF_alpha,10
Asp_Glu_race,Pyr_redox_2,10
mycofact_glyco,VWA_2,10
actino_HemFlav,Isochorismatase,10
mycofact_TetR,HxlR,10
AcCoA-C-Actrans,actino_HemFlav,10
Mycofactocin_RRE,Creatininase,10
DUF4442,mycofact_TetR,10
SDR_subfam_1,gas_vesic_GvpN,10
Creatininase,mycofact_glyco,10
GGDEF,mycofact_rSAM,10
Beta-lactamase,mycofact_glyco,10
Beta-lactamase,mycofact_rSAM,10
Ac_CoA_lig_AcsA,VWA_CoxE,10
Peripla_BP_2,EAL,10
GerE,mycofact_TetR,10
glut_race,actino_HemFlav,10
Transp_cyt_pur,mycofact_creat,10
mycofact_glyco,Glyoxalase,10
Asp_Glu_race,mycofact_creat,10
Ac_CoA_lig_AcsA,NDMA_methanol,10
am_tr_V_VC1184,efflux_Bcr_CflA,10
ETF,mycofact_OYE_2,10
ETF,ETF_alpha,10
ETF,GG-red-SF,10
mycofact_rSAM,APH,10
Aldedh,VWA_CoxE,10
Pyrid_ox_like,EAL,10
Ac_CoA_lig_AcsA,Response_reg,10
FAD_binding_3,am_tr_V_VC1184,10
Ac_CoA_lig_AcsA,HisKA_3,10
am_tr_V_VC1184,Peripla_BP_2,10
mycofact_glyco,ETF,10
SDR_subfam_1,EF-G,10
mycofactocin,APH,10
SDR_subfam_1,drrA,10
glut_race,mycofact_OYE_2,10
mycofactocin,Creatininase,10
mycofact_OYE_1,Rxyl_3153,10
Peripla_BP_2,Isochorismatase,10
VWA_CoxE,GerE,10
adh_short_C2,TetR_N,10
mycofact_OYE_1,Response_reg,10
TetR_C_1,Pyr_redox_2,10
TetR_C_1,SPW,10
TetR_C_1,TetR_N,10
PA_CoA_Oxy5,Methyltransf_11,10
Abhydrolase_6,mycofactocin,10
Abhydrolase_6,Mycofactocin_RRE,10
VWA_CoxE,Rxyl_3153,10
Polyketide_cyc2,Peripla_BP_2,10
SDR_subfam_1,Pyrid_ox_like,10
pcaR_pcaU,Rv0697,10
FAD_binding_3,SDR_subfam_1,10
AHSA1,mycofact_TetR,10
AHSA1,actino_HemFlav,10
SDR_subfam_1,Creatininase,10
mycofact_rSAM,GntR,9
Polyketide_cyc2,am_tr_V_VC1184,9
FAD_binding_3,efflux_Bcr_CflA,9
mycofactocin,GntR,9
mycofact_glyco,efflux_Bcr_CflA,9
mycofact_OYE_1,drrA,9
Fer4_2,mycofact_TetR,9
Mycofactocin_RRE,GntR,9
GGDEF,mycofactocin,9
gas_vesic_GvpN,Rxyl_3153,9
DUF779,Mycofactocin_RRE,9
EF-Tu,TetR_N,9
rpsJ_bact,Mycofactocin_RRE,9
Amidohydro_2,Rv0697,9
Acyl-CoA_dh_1,mycofact_rSAM,9
SDR_subfam_2,CoA_transf_3,9
Abhydrolase_6,mycofact_rSAM,9
TetR_C_24,actino_HemFlav,9
TetR_C_24,mycofact_rSAM,9
FAD_binding_3,EAL,9
AMP-binding,DNA_alkylation,9
AMP-binding,SDR_subfam_1,9
TetR_C_24,Mycofactocin_RRE,9
rpsJ_bact,mycofactocin,9
TetR_C_24,mycofactocin,9
rpsJ_bact,mycofact_rSAM,9
Mycofactocin_RRE,phnR_burk,9
AAA_5,Pyrid_ox_like,9
phnR_burk,mycofact_creat,9
rpsJ_bact,actino_HemFlav,9
Rv0697,Fer4_13,9
rpsJ_bact,mycofact_creat,9
mycofact_OYE_2,drrA,9
rpsJ_bact,mycofact_glyco,9
SDR_subfam_1,cyc_hxne_CoA_dh,9
actino_HemFlav,phnR_burk,9
mycofact_rSAM,phnR_burk,9
Mycofactocin_RRE,GAF,9
rpsJ_bact,Rv0697,9
DUF779,mycofact_rSAM,9
Beta-lactamase,mycofactocin,9
adk,Fe-ADH,9
glut_race,mycofact_OYE_1,9
4hydroxCoAred,NDMA_methanol,9
mycofactocin,PE,9
MaoC_dehydratas,mycofactocin,9
Mycofactocin_RRE,phoR_proteo,9
MaoC_dehydratas,mycofact_TetR,9
TetR_N,EF-G,9
Abhydrolase_1,mycofactocin,9
2A0306,mycofactocin,9
Abhydrolase_1,Mycofactocin_RRE,9
2A0306,Mycofactocin_RRE,9
mycofact_rSAM,HTH_3,9
2A0306,mycofact_rSAM,9
2A0306,actino_HemFlav,9
mycofactocin,phoR_proteo,9
Abhydrolase_1,mycofact_rSAM,9
4hydroxCoAred,AAA_5,9
mycofact_rSAM,greA,9
4hydroxCoAred,VWA_CoxE,9
protocat_pcaD,actino_HemFlav,9
mycofact_OYE_1,NDMA_methanol,9
mycofact_rSAM,Flavin_Reduct,9
mycofact_OYE_1,DUF952,9
Aldedh,NDMA_methanol,9
Aldedh,DUF779,9
Rv0697,PE,9
mycofact_OYE_2,Fe-ADH,9
2A0306,mycofact_TetR,9
mycofact_TetR,greA,9
mycofactocin,greA,9
Mycofactocin_RRE,APH,9
DUF779,mycofact_glyco,9
Mycofactocin_RRE,greA,9
mycofact_rSAM,phoR_proteo,9
TetR_N,Asp_Glu_race,9
efflux_EmrB,PE,9
mycofact_creat,PE,9
SDR_subfam_1,PGDH,9
Ribonuc_L-PSP,actino_HemFlav,9
mycofact_rSAM,FA_desaturase,9
SDR_subfam_1,GG-red-SF,9
3oxo_ACP_reduc,mycofactocin,9
actino_HemFlav,FA_desaturase,9
PEP_resp_reg,Mycofactocin_RRE,9
mycofact_creat,drrA,9
mycofact_TetR,PE,9
Mycofactocin_RRE,PE,9
Mycofactocin_RRE,Bac_luciferase,9
DUF2332,EF-G,9
DUF779,mycofactocin,9
PGDH,actino_HemFlav,9
PGDH,Rv0697,9
SDR_subfam_1,SnoaL_2,9
mycofactocin,Bac_luciferase,9
Asp_Glu_race,DDAH_eukar,9
mycofact_glyco,PE,9
actino_HemFlav,PE,9
FAD_binding_5,Mycofactocin_RRE,9
FAD_binding_5,mycofact_rSAM,9
AHSA1,mycofact_creat,9
NUDIX,actino_HemFlav,9
FAD_binding_5,mycofact_creat,9
FAD_binding_5,mycofact_glyco,9
FAD_binding_5,mycofactocin,9
Aldedh,SDR_subfam_1,9
mycofactocin,HTH_3,9
Asp_Glu_race,mycofact_glyco,9
mycofact_rSAM,PE,9
mycofactocin,FA_desaturase,9
Mycofactocin_RRE,FA_desaturase,9
Ribonuc_L-PSP,mycofact_TetR,8
mycofactocin,AAA_16,8
DUF2332,PE,8
Pyr_redox_2,PE,8
MaoC_dehydratas,mycofact_rSAM,8
efflux_Bcr_CflA,Isochorismatase,8
MbtH,Rv0697,8
Gpr1_Fun34_YaaH,Mycofactocin_RRE,8
SDR_subfam_1,PE,8
Gpr1_Fun34_YaaH,NDMA_methanol,8
DUF4442,mycofact_rSAM,8
DUF4442,actino_HemFlav,8
DUF4442,mycofact_creat,8
Gpr1_Fun34_YaaH,HisKA_3,8
Gpr1_Fun34_YaaH,Response_reg,8
NDMA_methanol,mycofact_OYE_2,8
DUF4442,mycofact_glyco,8
Polyketide_cyc2,VWA_CoxE,8
Gpr1_Fun34_YaaH,VWA_CoxE,8
TetR_C_1,mycofact_creat,8
MbtH,glut_race,8
MbtH,mycofact_glyco,8
Gpr1_Fun34_YaaH,mycofactocin,8
MbtH,DNA_alkylation,8
MbtH,PA_CoA_Oxy5,8
Gpr1_Fun34_YaaH,mycofact_rSAM,8
MbtH,mycofact_rSAM,8
Gpr1_Fun34_YaaH,mycofact_glyco,8
TetR_C_1,actino_HemFlav,8
mycofact_rSAM,AAA_16,8
mycofactocin,phnR_burk,8
SDR_subfam_1,Peripla_BP_2,8
cyc_hxne_CoA_dh,ECH_1,8
Beta-lactamase,actino_HemFlav,8
Usp,Pyr_redox_2,8
mycofactocin,Amidohydro_3,8
Abhydrolase_6,mycofact_TetR,8
Peripla_BP_2,Transp_cyt_pur,8
mycofact_creat,Aldo_ket_red,8
AMP-binding,adh_short_C2,8
nickel_nikB,mycofactocin,8
nickel_nikB,Mycofactocin_RRE,8
nickel_nikB,mycofact_rSAM,8
mycofact_TetR,Fer4_13,8
adh_short,VWA_CoxE,8
adh_short,NDMA_methanol,8
CO_dehy_Mo_lg,DUF952,8
CO_dehy_Mo_lg,Phosphodiest,8
mft_etfB,mycofact_glyco,8
TetR_N,PE,8
MarR,mycofact_rSAM,8
am_tr_V_VC1184,Transp_cyt_pur,8
3oxo_ACP_reduc,Mycofactocin_RRE,8
3oxo_ACP_reduc,mycofact_rSAM,8
SDR_subfam_1,mft_etfB,8
UPF0225,mycofact_glyco,8
MarR,mycofactocin,8
AAA_5,Peripla_BP_2,8
adh_short_C2,PA_CoA_Oxy5,8
Abhydrolase_6,mycofact_glyco,8
Phosphodiest,mycofact_OYE_1,8
rpsJ_bact,mycofact_TetR,8
mycofact_rSAM,Amidohydro_3,8
rpsJ_bact,DUF2332,8
AMP-binding,Rxyl_3153,8
Usp,actino_HemFlav,8
AAA_5,GerE,8
TetR_N,cyc_hxne_CoA_dh,8
mycofactocin,SBP_bac_5,8
Mycofactocin_RRE,SBP_bac_5,8
mycofact_TetR,AcCoA-C-Actrans,8
NUDIX,SDR_subfam_2,8
ECH_1,adh_short_C2,8
TetR_N,Methyltransf_11,8
mycofact_rSAM,SBP_bac_5,8
Beta-lactamase,Mycofactocin_RRE,8
Usp,mycofact_glyco,8
Mycofactocin_RRE,Flavin_Reduct,8
quinone_pig3,mycofactocin,8
quinone_pig3,Mycofactocin_RRE,8
quinone_pig3,mycofact_rSAM,8
Acyl-CoA_dh_1,mycofact_creat,8
quinone_pig3,mycofact_creat,8
Acyl-CoA_dh_1,actino_HemFlav,8
CoA_transf_3,ECH_1,8
mycofactocin,Flavin_Reduct,8
DUF222,TetR_N,8
MaoC_dehydratas,Mycofactocin_RRE,8
Pyrid_ox_like,Transp_cyt_pur,8
Pyr_redox_2,PGDH,8
mycofact_glyco,phoR_proteo,8
Ac_CoA_lig_AcsA,AAA_5,8
Abhydrolase_1,actino_HemFlav,8
SDR_subfam_2,Fer4_2,8
mycofact_OYE_2,DUF952,8
AMP-binding,Pyr_redox_2,8
Polyketide_cyc2,Transp_cyt_pur,8
P450_cycloAA_1,TetR_N,8
SDR_subfam_2,adk,8
SDR_subfam_1,VWA_CoxE,8
PGDH,DUF2332,8
Aldedh,Response_reg,8
mycofact_rSAM,Bac_luciferase,8
phnR_burk,mycofact_glyco,8
Ac_CoA_lig_AcsA,SDR_subfam_2,8
gas_vesic_GvpN,VWA_2,8
Pyr_redox_2,DUF222,8
GAF,DNA_alkylation,8
GAF,PA_CoA_Oxy5,8
AMP-binding,GAF,8
GAF,Rv0697,8
AMP-binding,TetR_C_1,8
Ac_CoA_lig_AcsA,Fe-ADH,8
AMP-binding,glut_race,8
mycofact_rSAM,COXG,8
protocat_pcaD,SDR_subfam_1,8
mycofactocin,COXG,8
Polyketide_cyc2,efflux_Bcr_CflA,8
Polyketide_cyc2,SDR_subfam_1,8
mycofact_creat,COXG,8
Mycofactocin_RRE,COXG,8
HTH_20,mycofact_creat,7
LysR_substrate,VWA_CoxE,7
DUF1707,mycofact_TetR,7
DUF1707,mycofactocin,7
MbtH,TetR_N,7
DUF1707,Mycofactocin_RRE,7
LysR_substrate,NDMA_methanol,7
mycofact_TetR,Aldo_ket_red,7
COesterase,TetR_N,7
VWA_CoxE,Aldo_ket_red,7
Acetyltransf_1,mycofact_TetR,7
Mycofactocin_RRE,Amidohydro_3,7
DUF1707,mycofact_rSAM,7
mycofact_TetR,Glyoxalase,7
Beta-lactamase,mycofact_creat,7
SpoIIE,mycofact_rSAM,7
MbtH,mycofactocin,7
MbtH,Pyr_redox_2,7
Beta-lactamase,mycofact_TetR,7
MbtH,SPW,7
mycofactocin,ABC2_membrane,7
mycofact_glyco,FA_desaturase,7
3oxo_ACP_reduc,actino_HemFlav,7
PEP_resp_reg,mycofactocin,7
adh_short,TetR_N,7
MarR,Mycofactocin_RRE,7
mycofact_rSAM,MLTR_LBD,7
mycofact_glyco,COXG,7
Mycofactocin_RRE,MLTR_LBD,7
SpoIIE,mycofactocin,7
mycofact_TetR,GntR,7
Asp_Glu_race,Glyoxalase_6,7
Mycofactocin_RRE,EutB,7
DUF2332,CYP450_TxtE,7
nickel_nikC,mycofact_rSAM,7
nickel_nikC,Mycofactocin_RRE,7
SDR_subfam_2,greA,7
nickel_nikC,mycofactocin,7
mycofact_rSAM,EutB,7
Mycofactocin_RRE,MarR_2,7
GGDEF,mycofact_TetR,7
mycofactocin,MarR_2,7
DUF779,AAA_5,7
nickel_nikB,nickel_nikC,7
AAA_5,Gpr1_Fun34_YaaH,7
AMP-binding,AcCoA-C-Actrans,7
DUF779,NDMA_methanol,7
mycofact_rSAM,MarR_2,7
actino_HemFlav,EutB,7
DUF779,VWA_CoxE,7
mycofact_creat,EutB,7
mycofact_glyco,EutB,7
DUF779,Response_reg,7
mycofact_creat,APH,7
actino_HemFlav,APH,7
mycofact_TetR,APH,7
HIBADH,mycofact_glyco,7
nickel_nikE,mycofactocin,7
nickel_nikE,Mycofactocin_RRE,7
HIBADH,mycofact_rSAM,7
HIBADH,mycofactocin,7
Mycofactocin_RRE,HTH_3,7
Rv0697,gas_vesic_GvpN,7
LysR_substrate,AAA_5,7
Fer4_13,P450_cycloAA_1,7
Rv0697,SnoaL_2,7
mycofactocin,MLTR_LBD,7
AHSA1,mycofact_OYE_1,7
protocat_pcaD,mycofact_TetR,7
Mycofactocin_RRE,BPD_transp_2,7
Mycofactocin_RRE,Peripla_BP_6,7
mycofact_creat,SBP_bac_5,7
Malic_M,Rv0697,7
mycofact_rSAM,BPD_transp_2,7
mycofact_rSAM,Peripla_BP_6,7
Usp,mycofact_creat,7
Glyoxalase_6,P450_cycloAA_1,7
DUF952,NDMA_methanol,7
DUF952,AAA_5,7
DUF952,VWA_CoxE,7
Mycofactocin_RRE,ABC2_membrane,7
MbtH,AMP-binding,7
actino_HemFlav,Flavin_Reduct,7
Abhydrolase_1,mycofact_glyco,7
Usp,HTH_AsnC-type,7
Usp,DDAH_eukar,7
Usp,Orn_aminotrans,7
Usp,2A0306,7
mycofact_glyco,Flavin_Reduct,7
mycofactocin,tdh,7
Aldedh,HisKA_3,7
mycofact_OYE_1,NUDIX,7
MaoC_dehydratas,actino_HemFlav,7
MaoC_dehydratas,mycofact_creat,7
HTH_30,mycofactocin,7
Mycofactocin_RRE,AAA_16,7
SHOCT,PE,7
EF-Tu,SHOCT,7
Phosphodiest,VWA_CoxE,7
Phosphodiest,AAA_5,7
CO_dehy_Mo_lg,VWA_CoxE,7
mycofact_TetR,MLTR_LBD,7
Glyoxalase,mycofact_creat,7
TetR_N,PGDH,7
FAD_binding_3,mycofact_OYE_1,7
FAD_binding_5,CO_dehy_Mo_lg,7
SDR_subfam_1,Fer4_13,7
AHSA1,mycofact_OYE_2,7
efflux_EmrB,Asp_Glu_race,7
Transp_cyt_pur,efflux_Bcr_CflA,7
Malic_M,mycofact_TetR,7
HTH_AsnC-type,Asp_Glu_race,7
CO_dehy_Mo_lg,NDMA_methanol,7
CO_dehy_Mo_lg,AAA_5,7
Malic_M,Mycofactocin_RRE,7
Phosphodiest,NDMA_methanol,7
Phosphodiest,mycofact_OYE_2,7
4hydroxCoAred,mycofact_OYE_1,7
Malic_M,mycofact_rSAM,7
Malic_M,actino_HemFlav,7
2A0306,Pyr_redox_2,7
2A0306,HTH_AsnC-type,7
2A0306,DDAH_eukar,7
mycofact_glyco,SBP_bac_5,7
2A0306,Orn_aminotrans,7
Malic_M,mycofact_creat,7
mycofactocin,BPD_transp_2,7
mycofactocin,Peripla_BP_6,7
Malic_M,mycofact_glyco,7
DUF222,efflux_EmrB,7
mycofactocin,Trans_reg_C,7
Mycofactocin_RRE,Trans_reg_C,7
GAF,TetR_N,7
Glycos_transf_2,mycofact_rSAM,7
mycofact_creat,Glycos_transf_2,7
mycofact_rSAM,SigE-fam_strep,7
mycofact_rSAM,LIP,7
mycofact_rSAM,Methyltransf_19,7
VWA_CoxE,Pyrid_ox_like,7
Rv0697,Rxyl_3153,7
mycofact_glyco,Fer4_2,7
VWA_CoxE,Peripla_BP_2,7
DUF779,mycofact_creat,7
actino_HemFlav,SigE-fam_strep,7
Mycofactocin_RRE,Methyltransf_19,7
mycofactocin,Pyr_redox_3,7
mycofactocin,Methyltransf_19,7
Mycofactocin_RRE,SigE-fam_strep,7
Glycos_transf_2,Mycofactocin_RRE,7
GAF,glut_race,7
gas_vesic_GvpN,mycofact_OYE_1,7
am_tr_V_VC1184,SDR_subfam_1,7
mycofact_glyco,Trans_reg_C,7
Glycos_transf_2,mycofact_TetR,7
mycofact_rSAM,Trans_reg_C,7
actino_HemFlav,Amidohydro_3,7
SPW,SDR_subfam_1,7
Ribonuc_L-PSP,SDR_subfam_1,7
mycofactocin,SigE-fam_strep,7
Glycos_transf_2,mycofactocin,7
gas_vesic_GvpN,mycofact_OYE_2,7
actino_HemFlav,LIP,7
GerE,NDMA_methanol,7
FAD_binding_3,Isochorismatase,7
mycofact_glyco,Glycos_transf_2,7
GAF,Pyr_redox_2,7
mycofact_TetR,phnR_burk,7
Gpr1_Fun34_YaaH,mycofact_creat,7
DUF222,CYP450_TxtE,7
mycofact_glyco,SigE-fam_strep,7
Mycofactocin_RRE,Pyr_redox_3,7
rpsJ_bact,Pyr_redox_2,7
COesterase,SDR_subfam_1,7
rpsJ_bact,SDR_subfam_1,7
GAF,TetR_C_1,7
Mycofactocin_RRE,LIP,7
adh_short,SDR_subfam_2,7
AMP-binding,SPW,7
ETF_alpha,mycofact_creat,7
mycofact_glyco,Amidohydro_3,7
mycofact_creat,Flavin_Reduct,6
Voltage_CLC,mycofact_rSAM,6
DNA_alkylation,mycofact_OYE_1,6
mycofact_glyco,Pyr_redox_3,6
MbtH,GAF,6
SnoaL_2,TetR_N,6
Pyr_redox_2,mycofact_OYE_2,6
Voltage_CLC,Mycofactocin_RRE,6
Rv0697,MFS_1,6
Abhydrolase_1,mycofact_creat,6
Voltage_CLC,actino_HemFlav,6
mycofact_TetR,AsnC_trans_reg,6
Glyoxalase_6,Malic_M,6
Methyltransf_11,DUF222,6
gas_vesic_GvpN,Pyrid_ox_like,6
Mycofactocin_RRE,HIBADH,6
Abhydrolase_3,Mycofactocin_RRE,6
glut_race,Methyltransf_11,6
Mycofactocin_RRE,tdh,6
Pyr_redox_2,Malic_M,6
mycofact_rSAM,tdh,6
actino_HemFlav,tdh,6
ETF,phoR_proteo,6
ETF,NUDIX,6
Response_reg,adh_short,6
Abhydrolase_3,mycofact_rSAM,6
Polyketide_cyc2,actino_HemFlav,6
PEP_resp_reg,mycofact_creat,6
Voltage_CLC,SDR_subfam_1,6
mycofact_OYE_1,am_tr_V_VC1184,6
4hydroxCoAred,mycofact_OYE_2,6
ABC2_membrane,drrA,6
Rxyl_3153,efflux_Bcr_CflA,6
Usp,Rv0697,6
mycofact_creat,GAF,6
mycofactocin,Hydrolase_4,6
mycofact_creat,SigE-fam_strep,6
LysR_substrate,Rxyl_3153,6
quinone_pig3,actino_HemFlav,6
Rxyl_3153,Isochorismatase,6
glut_race,SDR_subfam_1,6
mycofact_OYE_2,phoR_proteo,6
Malic_M,TetR_N,6
TetR_N,protocat_pcaD,6
2A0306,mycofact_creat,6
ETF_alpha,phoR_proteo,6
2A0306,mycofact_glyco,6
2A0306,Rv0697,6
mycofactocin,LIP,6
Malic_M,mycofactocin,6
Abhydrolase_6,actino_HemFlav,6
mycofact_rSAM,Creatininase,6
Abhydrolase_1,mycofact_TetR,6
SDR_subfam_1,LIP,6
TetR_C_24,mycofact_glyco,6
GG-red-SF,phoR_proteo,6
actino_HemFlav,BPD_transp_2,6
Abhydrolase_3,mycofactocin,6
Abhydrolase_6,mycofact_creat,6
Ac_CoA_lig_AcsA,Methyltransf_25,6
MaoC_dehydrat_N,actino_HemFlav,6
mycofact_OYE_1,greA,6
mycofact_OYE_1,Tex_N,6
CO_dehy_Mo_lg,COXG,6
MaoC_dehydrat_N,mycofactocin,6
pcaR_pcaU,Aldedh,6
AAA_5,Aldo_ket_red,6
MaoC_dehydrat_N,Mycofactocin_RRE,6
MaoC_dehydrat_N,mycofact_rSAM,6
Mycofactocin_RRE,Cupin_2,6
mycofact_OYE_1,ilvD,6
CobN-Mg_chel,greA,6
DUF222,Sig70_famx2,6
CobN-Mg_chel,mycofact_TetR,6
MbtH,TetR_C_1,6
CobN-Mg_chel,mycofactocin,6
SDR_subfam_2,gas_vesic_GvpN,6
HTH_20,mycofact_TetR,6
CobN-Mg_chel,Mycofactocin_RRE,6
mycofact_OYE_2,ilvD,6
mycofact_OYE_2,Tex_N,6
mycofact_OYE_2,greA,6
DUF779,actino_HemFlav,6
2A0106,mycofactocin,6
Methyltransf_11,Gpr1_Fun34_YaaH,6
COesterase,Sig70_famx2,6
2A0106,Mycofactocin_RRE,6
AHSA1,HTH_20,6
COesterase,Glyoxalase_6,6
mycofact_rSAM,Cupin_2,6
SDR_subfam_2,Tex_N,6
SDR_subfam_2,ilvD,6
2A0106,mycofact_rSAM,6
2A0106,actino_HemFlav,6
adh_short,mycofact_OYE_1,6
HTH_AsnC-type,SDR_subfam_1,6
HisKA_3,adh_short,6
DUF779,HisKA_3,6
DUF779,Fe-ADH,6
Orn_aminotrans,SDR_subfam_1,6
CobN-Mg_chel,mycofact_rSAM,6
mycofact_rSAM,Tex_N,6
glut_race,mycofact_creat,6
HTH_30,mycofact_rSAM,6
TetR_C_1,Pyrid_ox_like,6
MaoC_dehydratas,mycofact_glyco,6
HTH_30,mycofact_glyco,6
SPW,mycofact_creat,6
drrA,Pyrid_ox_like,6
drrA,TetR_C_1,6
PEP_resp_reg,mycofact_rSAM,6
HTH_30,actino_HemFlav,6
HTH_30,Mycofactocin_RRE,6
mycofact_rSAM,ilvD,6
drrB,mycofact_TetR,6
drrB,mycofactocin,6
drrB,Mycofactocin_RRE,6
drrB,mycofact_rSAM,6
SPW,Methyltransf_11,6
drrB,Pyrid_ox_like,6
drrB,TetR_C_1,6
drrB,drrA,6
Tex_N,ilvD,6
AFOR_C,mycofactocin,6
greA,ilvD,6
greA,Tex_N,6
mycofactocin,Cupin_2,6
adk,Methyltransf_11,6
mycofact_rSAM,AsnC_trans_reg,6
Aldedh,Fe-ADH,6
mycofact_creat,protocat_pcaD,6
Mycofactocin_RRE,Tex_N,6
Mycofactocin_RRE,ilvD,6
mycofactocin,Tex_N,6
mycofactocin,ilvD,6
mycofactocin,AsnC_trans_reg,6
gas_vesic_GvpN,FAD_binding_3,6
mycofact_glyco,AAA_16,6
efflux_EmrB,SDR_subfam_2,6
AFOR_C,mycofact_rSAM,6
AFOR_C,Mycofactocin_RRE,6
mycofact_TetR,Tex_N,6
mycofact_TetR,ilvD,6
actino_HemFlav,Creatininase,6
mycofact_TetR,LIP,6
SnoaL_4,mycofact_glyco,6
Pkinase,mycofactocin,6
2A0305,mycofact_glyco,6
2A0305,Rv0697,6
decarb_PcaC,mycofact_glyco,6
SnoaL_4,mycofact_rSAM,6
SnoaL_4,Mycofactocin_RRE,6
DUF1707,Pyrid_ox_like,6
DUF1707,UPF0225,6
DUF1707,mycofact_creat,6
nickel_nikE,mycofact_rSAM,6
HisKA_3,CO_dehy_Mo_lg,6
SnoaL_4,mycofactocin,6
Glyoxalase,actino_HemFlav,6
quinone_pig3,mycofact_TetR,6
Mycofactocin_RRE,AsnC_trans_reg,6
MarR_2,mycofact_creat,6
DUF222,Glyoxalase_6,6
Pyrid_ox_like,mycofact_OYE_1,6
mycofact_OYE_2,Rv0697,6
SnoaL_4,mycofact_TetR,6
mycofact_OYE_1,Fe-ADH,6
GAF,SPW,6
Beta-lactamase,Rv0697,6
decarb_PcaC,mycofact_rSAM,6
HisKA_3,4hydroxCoAred,6
nickel_nikD,Mycofactocin_RRE,6
nickel_nikD,mycofactocin,6
decarb_PcaC,mycofactocin,6
Pkinase,mycofact_rSAM,6
SDR_subfam_1,Glyoxalase,6
actino_HemFlav,Bac_luciferase,6
SnoaL_4,actino_HemFlav,6
SnoaL_4,mycofact_creat,6
2A0305,mycofact_creat,6
MarR_2,mycofact_TetR,6
HTH_31,mycofact_rSAM,6
Bac_luciferase,mycofact_glyco,6
actino_HemFlav,COXG,6
HTH_AsnC-type,DUF222,6
HTH_31,actino_HemFlav,6
GGDEF,mycofact_creat,6
actino_HemFlav,efflux_Bcr_CflA,6
HTH_31,mycofact_creat,6
GGDEF,mycofact_glyco,6
HTH_31,mycofact_glyco,6
AcCoA-C-Actrans,SDR_subfam_2,6
NUDIX,mycofact_creat,6
EAL,mycofact_glyco,6
2A0305,Mycofactocin_RRE,6
EAL,UPF0225,6
OB_aCoA_assoc,mycofact_rSAM,6
OB_aCoA_assoc,Mycofactocin_RRE,6
OB_aCoA_assoc,mycofactocin,6
2A0305,mycofact_rSAM,6
UPF0225,Isochorismatase,6
Bac_luciferase,mycofact_creat,6
HIBADH,actino_HemFlav,6
adh_short,mycofact_OYE_2,6
2A0305,actino_HemFlav,6
Rxyl_3153,DUF1707,6
Aldedh,TetR_N,6
FAD_binding_3,DUF1707,6
DUF1707,actino_HemFlav,6
mycofact_creat,Trans_reg_C,6
3oxo_ACP_reduc,mycofact_TetR,6
MarR,mycofact_glyco,6
DoxX_3,Rv1155_F420,6
mycofactocin,HTH_18,6
mycofactocin,BPD_transp_1,6
Rxyl_3153,EAL,6
mycofactocin,EutB,6
mycofact_TetR,EutB,6
adh_short_C2,Pyr_redox_2,6
adh_short_C2,Fer4_13,6
PhyH,mycofactocin,6
NDMA_methanol,Aldo_ket_red,6
mycofact_OYE_2,Pyrid_ox_like,6
mycofact_TetR,FA_desaturase,6
Rv0697,MLTR_LBD,6
PhyH,Mycofactocin_RRE,6
PhyH,mycofact_rSAM,6
Methyltransf_11,pcaR_pcaU,6
TetR_C_24,mycofact_creat,6
Mycofactocin_RRE,HTH_18,6
ECH_1,Rv0697,6
Mycofactocin_RRE,AraC_binding_2,6
FAD_binding_3,mycofact_OYE_2,6
efflux_EmrB,PGDH,6
mycofact_rSAM,HTH_18,6
Aldedh,adh_short,6
DNA_alkylation,mycofact_OYE_2,6
Glycos_transf_2,actino_HemFlav,6
CoA_transf_3,Amidohydro_3,6
mycofact_rSAM,Pyr_redox_3,6
Pkinase,mycofact_glyco,6
mycofact_glyco,HxlR,6
Mycofactocin_RRE,Hydrolase_4,6
mycofact_rSAM,Hydrolase_4,6
SDR_subfam_1,NDMA_methanol,6
Asp_Glu_race,Sig70_famx2,6
mycofact_creat,FA_desaturase,6
EutB,Rv0697,6
HTH_31,mycofactocin,6
SnoaL_2,PA_CoA_Oxy5,6
EutB,2A0305,6
mycofact_creat,MLTR_LBD,6
decarb_PcaC,Rv0697,6
Rxyl_3153,PEP_resp_reg,6
3oxo_ACP_reduc,mycofact_creat,6
SDR_subfam_2,Amidohydro_3,6
mycofact_glyco,MLTR_LBD,6
actino_HemFlav,MLTR_LBD,6
mycofact_rSAM,BPD_transp_1,5
actino_HemFlav,MR_MLE_C,5
Polyketide_cyc2,NDMA_methanol,5
SDR_subfam_1,HxlR,5
GntR,VWA_CoxE,5
mycofactocin,Fer4_15,5
Peripla_BP_3,mycofact_glyco,5
Mycofactocin_RRE,Fer4_15,5
Peripla_BP_3,mycofact_TetR,5
mycofactocin,Amino_oxidase,5
mycofactocin,MR_MLE_C,5
DSBA,mycofactocin,5
EF-G,SHOCT,5
VWA_CoxE,am_tr_V_VC1184,5
Mycofactocin_RRE,MR_MLE_C,5
DSBA,Mycofactocin_RRE,5
Peripla_BP_3,mycofact_rSAM,5
AAA_5,efflux_Bcr_CflA,5
Peripla_BP_3,actino_HemFlav,5
Glycos_transf_2,PA_CoA_Oxy5,5
Peripla_BP_3,mycofact_creat,5
Peripla_BP_3,mycofactocin,5
Mycofactocin_RRE,BPD_transp_1,5
mycofact_rSAM,MR_MLE_C,5
Peripla_BP_3,SDR_subfam_2,5
Glycos_transf_2,Pyr_redox_2,5
SDR_subfam_1,Fe-ADH,5
NDMA_methanol,Pyrid_ox_like,5
Glycos_transf_2,DNA_alkylation,5
GntR,NDMA_methanol,5
Mycofactocin_RRE,ABM,5
mycofact_rSAM,RibD_C,5
Mycofactocin_RRE,RibD_C,5
SDR_subfam_2,npdG,5
CO_dehy_Mo_lg,mycofact_OYE_2,5
Polyketide_cyc2,mycofact_glyco,5
mycofact_glyco,Lipase_GDSL_2,5
nickel_nikB,actino_HemFlav,5
Mycofactocin_RRE,npdG,5
mycofactocin,npdG,5
mycofact_rSAM,Lipase_GDSL_2,5
adh_short_C2,Aldedh,5
Mycofactocin_RRE,Lipase_GDSL_2,5
mycofact_glyco,npdG,5
SDR_subfam_1,efflux_Bcr_CflA,5
mycofactocin,Lipase_GDSL_2,5
CoA_transf_3,Glycos_transf_2,5
AAA_5,AMP-binding,5
actino_HemFlav,Lipase_GDSL_2,5
mycofact_rSAM,AraC_binding_2,5
HisKA_3,Rv0697,5
mycofact_creat,npdG,5
actino_HemFlav,npdG,5
mycofact_rSAM,ABM,5
mycofactocin,ABM,5
mycofact_rSAM,npdG,5
AAA_5,Creatininase,5
NDMA_methanol,Peripla_BP_2,5
mycofactocin,AraC_binding_2,5
Voltage_CLC,mycofact_TetR,5
actino_HemFlav,Amino_oxidase,5
SDR_subfam_2,Lipase_GDSL_2,5
actino_HemFlav,ABM,5
Glycos_transf_2,SDR_subfam_1,5
Rxyl_3153,am_tr_V_VC1184,5
DUF222,SDR_subfam_1,5
actino_HemFlav,MarR_2,5
actino_HemFlav,AraC_binding_2,5
mycofact_glyco,AraC_binding_2,5
CoA_transf_3,adh_short_C2,5
TetR_N,MFS_1,5
mycofact_rSAM,ROK_glcA_fam,5
xylG,actino_HemFlav,5
SpoIIE,mycofact_TetR,5
DSBA,mycofact_rSAM,5
VWA_CoxE,AMP-binding,5
Mycofactocin_RRE,ROK_glcA_fam,5
FeFe_hydrog_B1,NUDIX,5
cyc_hxne_CoA_dh,npdG,5
mycofactocin,ROK_glcA_fam,5
AAA_5,adh_short,5
SpoIIE,mycofact_creat,5
mycofactocin,RibD_C,5
SpoIIE,mycofact_glyco,5
nickel_nikC,actino_HemFlav,5
xylG,mycofactocin,5
mycofact_rSAM,Fer4_15,5
FAD_binding_3,Polyketide_cyc2,5
Amidohydro_2,SDR_subfam_2,5
MaoC_dehydratas,Rv0697,5
adh_short_C2,SnoaL_2,5
mycofact_TetR,Amidohydro_3,5
xylG,mycofact_rSAM,5
am_tr_V_VC1184,Isochorismatase,5
SDR_subfam_2,Pyr_redox_2,5
HTH_31,Mycofactocin_RRE,5
mycofact_rSAM,Amino_oxidase,5
mycofact_TetR,npdG,5
SDR_subfam_2,ROK_glcA_fam,5
mft_etfB,NUDIX,5
Mycofactocin_RRE,proV,5
mycofactocin,proV,5
Aldedh,LysR_substrate,5
2A0106,mycofact_TetR,5
Response_reg,LysR_substrate,5
mycofact_rSAM,PA_CoA_ligase,5
mycofact_OYE_2,am_tr_V_VC1184,5
P450_rel_GT_act,Fer4_13,5
adh_short,PA_CoA_Oxy5,5
P450_rel_GT_act,Rv0697,5
actino_HemFlav,PA_CoA_ligase,5
Pyrid_ox_like,Aldo_ket_red,5
Mycofactocin_RRE,PA_CoA_ligase,5
HTH_31,mycofact_TetR,5
TetR_C_11,Mycofactocin_RRE,5
DUF4442,SDR_subfam_1,5
Aldo_ket_red,am_tr_V_VC1184,5
TetR_C_33,mycofactocin,5
TetR_C_33,Mycofactocin_RRE,5
TetR_C_33,mycofact_rSAM,5
EF-G,rpsG_bact,5
AFOR_C,mycofact_OYE_2,5
NUDIX,AAA_5,5
adk,Methyltransf_25,5
EutB,Pyr_redox_2,5
MerR_1,mycofact_rSAM,5
mft_etfB,greA,5
TetR_N,P450_rel_GT_act,5
MerR_1,mycofactocin,5
ETF,Fer4_2,5
PEP_resp_reg,mycofact_glyco,5
AFOR_C,ETF_alpha,5
Aldedh,Methyltransf_25,5
mycofact_TetR,ABC2_membrane,5
FAD_binding_5,COXG,5
AFOR_C,mycofact_glyco,5
AFOR_C,ETF,5
AFOR_C,GG-red-SF,5
mycofact_TetR,rpsG_bact,5
mycofact_glyco,FeFe_hydrog_B1,5
AMP-binding,PEP_resp_reg,5
SDR_subfam_2,Glyoxalase_6,5
Malic_M,CYP450_TxtE,5
Malic_M,efflux_EmrB,5
mycofact_OYE_2,MFS_1,5
GntR,mycofact_glyco,5
AHSA1,mycofact_glyco,5
AHSA1,SDR_subfam_2,5
GAF,mycofact_TetR,5
HTH_AsnC-type,PhyH,5
Sig70_famx2,Malic_M,5
CO_dehy_Mo_lg,actino_HemFlav,5
mycofact_creat,GG-red-SF,5
GAF,actino_HemFlav,5
CO_dehy_Mo_lg,mycofact_TetR,5
NUDIX,VWA_CoxE,5
SHOCT,rpsJ_bact,5
PhyH,CYP450_TxtE,5
mycofact_glyco,Cupin_2,5
PhyH,mycofact_glyco,5
PhyH,mycofact_creat,5
MarR,actino_HemFlav,5
PhyH,actino_HemFlav,5
efflux_EmrB,EF-Tu,5
VWA_2,Methyltransf_11,5
Rv0697,rpsG_bact,5
mycofact_glyco,rpsG_bact,5
PhyH,mycofact_TetR,5
mycofact_rSAM,rpsG_bact,5
TetR_C_33,mycofact_TetR,5
Mycofactocin_RRE,rpsG_bact,5
Pyr_redox_2,PhyH,5
mycofactocin,rpsG_bact,5
EutB,HTH_AsnC-type,5
EutB,DDAH_eukar,5
AA-adenyl-dom,mycofactocin,5
Voltage_CLC,CoA_transf_3,5
TetR_N,HisKA_3,5
SGL,mycofactocin,5
SDR_subfam_2,Usp,5
SGL,mycofact_rSAM,5
Phage_integrase,mycofactocin,5
Phage_integrase,Mycofactocin_RRE,5
Phage_integrase,actino_HemFlav,5
Bac_luciferase,SDR_subfam_1,5
actino_HemFlav,Pyr_redox_3,5
VWA_2,mycofact_OYE_1,5
Voltage_CLC,mycofact_creat,5
mycofact_creat,Pyr_redox_3,5
Voltage_CLC,mycofact_glyco,5
actino_HemFlav,nickel_nikE,5
FAD_binding_3,drrB,5
FAD_binding_3,drrA,5
FAD_binding_3,TetR_C_1,5
Rxyl_3153,drrB,5
Rce1-like,mycofactocin,5
Pyr_redox_2,Methyltransf_11,5
Rxyl_3153,drrA,5
Rxyl_3153,TetR_C_1,5
Rxyl_3153,Usp,5
Rce1-like,Mycofactocin_RRE,5
Rce1-like,mycofact_rSAM,5
Voltage_CLC,mycofactocin,5
Voltage_CLC,PA_CoA_Oxy5,5
gas_vesic_GvpN,Response_reg,5
ETF_alpha,Rxyl_3153,5
gas_vesic_GvpN,HisKA_3,5
actino_HemFlav,Cupin_2,5
SnoaL_4,SDR_subfam_2,5
Voltage_CLC,GMC_mycofac_2,5
AA-adenyl-dom,mycofact_rSAM,5
2A0305,mycofact_TetR,5
2A0305,Orn_aminotrans,5
2A0305,DDAH_eukar,5
mycofact_TetR,COXG,5
2A0305,HTH_AsnC-type,5
SDR_subfam_2,COXG,5
2A0305,Pyr_redox_2,5
2A0305,mycofactocin,5
mycofact_TetR,nickel_nikE,5
Acyl-CoA_dh_1,mycofact_glyco,5
Amidase,Mycofactocin_RRE,5
Amidase,mycofact_rSAM,5
EutB,Usp,5
EutB,2A0306,5
EutB,Orn_aminotrans,5
2A0305,2A0306,5
2A0305,Usp,5
mycofact_creat,ROK,5
MM_CoA_mutase,mycofact_creat,5
mycofact_creat,mft_etfB,5
mycofact_rSAM,ROK,5
mycofact_rSAM,MM_CoA_mutase,5
TetR_C_24,mycofact_TetR,5
Mycofactocin_RRE,MM_CoA_mutase,5
mycofactocin,ROK,5
mycofactocin,MM_CoA_mutase,5
mycofact_glyco,ROK,5
Alpha-amylase,mycofactocin,5
Alpha-amylase,Mycofactocin_RRE,5
Alpha-amylase,mycofact_rSAM,5
GG-red-SF,VWA_CoxE,5
Alpha-amylase,mycofact_creat,5
mycofact_TetR,Methyltransf_25,5
PhyH,Rv0697,5
mycofact_TetR,BPD_transp_2,5
citE,mycofact_rSAM,5
mycofact_creat,MTES_1575,5
citE,mycofactocin,5
mycofact_glyco,MTES_1575,5
OB_aCoA_assoc,actino_HemFlav,5
OB_aCoA_assoc,mycofact_TetR,5
SDR_subfam_2,LysR_substrate,5
mycofact_TetR,PaaC-3OHAcCoADH,5
Acetyltransf_1,SDR_subfam_1,5
Acetyltransf_1,mycofact_glyco,5
Acetyltransf_1,mycofact_creat,5
DUF1707,Peripla_BP_2,5
mycofactocin,PaaC-3OHAcCoADH,5
Beta-lactamase,SDR_subfam_1,5
mycofact_rSAM,PaaC-3OHAcCoADH,5
mycofact_glyco,HTH_3,5
citE,Mycofactocin_RRE,5
MTES_1575,actino_HemFlav,5
nickel_nikB,nickel_nikD,5
MTES_1575,mycofact_rSAM,5
nickel_nikC,nickel_nikD,5
GntR,actino_HemFlav,5
GerE,pcaR_pcaU,5
Pkinase,mycofact_creat,5
Pyr_redox_2,P450_cycloAA_1,5
nickel_nikD,nickel_nikE,5
Pkinase,actino_HemFlav,5
mycofact_glyco,APH,5
efflux_EmrB,P450_cycloAA_1,5
Pkinase,Mycofactocin_RRE,5
HIBADH,mycofact_creat,5
citE,actino_HemFlav,5
MTES_1575,mycofact_TetR,5
MTES_1575,mycofactocin,5
MTES_1575,Mycofactocin_RRE,5
mycofact_glyco,Aldo_ket_red,5
SDR_subfam_1,MLTR_LBD,5
SDR_subfam_1,TIGR00147,5
actino_HemFlav,HTH_3,5
AHSA1,SDR_subfam_1,5
mycofact_glyco,prpB,5
mycofact_creat,prpB,5
actino_HemFlav,prpB,5
mycofact_rSAM,prpB,5
Mycofactocin_RRE,prpB,5
mycofactocin,prpB,5
ETF_alpha,ilvD,5
ETF_alpha,Tex_N,5
ETF_alpha,greA,5
GG-red-SF,ilvD,5
GG-red-SF,Tex_N,5
GG-red-SF,greA,5
mft_etfB,ilvD,5
mft_etfB,Tex_N,5
mycofact_creat,tdh,5
PGDH,SHOCT,5
Methyltransf_19,mycofact_TetR,5
Rv0697,TIGR00147,5
actino_HemFlav,TIGR00147,5
mycofact_rSAM,TIGR00147,5
Mycofactocin_RRE,TIGR00147,5
Polyketide_cyc2,SDR_subfam_2,5
mycofactocin,TIGR00147,5
mycofact_TetR,TIGR00147,5
cyc_hxne_CoA_dh,CoA_transf_3,5
mycofact_glyco,tdh,5
Aldedh,Fer4_13,5
SDR_subfam_1,adh_short,5
Methyltransf_11,Acetyltransf_1,5
adh_short,Fer4_13,5
CO_dehy_Mo_lg,mycofact_OYE_1,5
MaoC_dehydrat_N,mycofact_TetR,5
nickel_nikB,mycofact_glyco,5
nickel_nikD,mycofact_rSAM,5
pimC_large,Mycofactocin_RRE,5
L3_bact,mycofact_rSAM,5
pimC_large,mycofact_rSAM,5
L3_bact,mycofactocin,5
WD40,actino_HemFlav,5
pimC_large,mycofactocin,5
NDMA_methanol,Trans_reg_C,5
Ribonuc_L-PSP,mycofact_glyco,5
Methyltransf_11,Asp_Glu_race,5
Methyltransf_11,Transp_cyt_pur,5
ECH_1,TetR_N,5
Pyr_redox_2,mycofact_OYE_1,5
WD40,mycofactocin,5
AcCoA-C-Actrans,cyc_hxne_CoA_dh,5
WD40,Mycofactocin_RRE,5
Amidohydro_2,pcaR_pcaU,5
Transp_cyt_pur,VWA_CoxE,5
adh_short,adh_short_C2,5
adh_short,pcaR_pcaU,5
Transp_cyt_pur,AAA_5,5
actino_HemFlav,Transp_cyt_pur,5
mycofact_glyco,BPD_transp_2,5
mycofact_creat,BPD_transp_2,5
Rv0697,HTH_3,5
WD40,mycofact_rSAM,5
SDR_subfam_1,Fer4_2,5
Asp_Glu_race,Transp_cyt_pur,5
L3_bact,Mycofactocin_RRE,5
WD40,GerE,5
SBP_bac_5,nickel_nikB,5
Acyl-CoA_dh_1,SDR_subfam_2,5
AMP-binding,cyc_hxne_CoA_dh,5
Amidohydro_3,ECH_1,5
Rxyl_3153,AcCoA-C-Actrans,5
mycofactocin,PaaB1,5
EF-Tu,CYP450_TxtE,5
mycofact_rSAM,PaaB1,5
COesterase,HTH_AsnC-type,5
mycofact_creat,Amidohydro_3,5
L3_bact,rpsJ_bact,5
mycofact_creat,HxlR,5
L3_bact,Rv0697,5
quinone_pig3,mycofact_glyco,5
L3_bact,actino_HemFlav,5
L3_bact,mycofact_creat,5
SDR_subfam_1,AcCoA-C-Actrans,5
PA_CoA_Oxy5,HisKA_3,5
L3_bact,mycofact_glyco,5
Fer4_13,SDR_subfam_2,4
VWA_CoxE,GAF,4
DUF779,Methyltransf_11,4
GGDEF,actino_HemFlav,4
mycofact_glyco,Fer4_15,4
GMC_mycofac_2,Glycos_transf_2,4
DUF779,SDR_subfam_2,4
SGL,Mycofactocin_RRE,4
SGL,mycofact_glyco,4
MarR,mycofact_creat,4
DJ-1_PfpI,mycofact_rSAM,4
PaaB1,actino_HemFlav,4
PaaB1,Mycofactocin_RRE,4
TetR_N,Amidohydro_2,4
AsnC_trans_reg,mycofact_creat,4
AsnC_trans_reg,actino_HemFlav,4
PaaB1,mycofact_TetR,4
SGL,actino_HemFlav,4
mycofact_rSAM,PIN,4
DDAH_eukar,PhyH,4
Sig70_famx2,PhyH,4
UPF0225,mycofact_OYE_1,4
SIP,mycofact_glyco,4
SIP,mycofact_creat,4
Mycofactocin_RRE,betaine_BetI,4
SIP,mycofact_TetR,4
mycofactocin,betaine_BetI,4
actino_HemFlav,Fer4_15,4
protocat_pcaD,PA_CoA_Oxy5,4
MerR_1,mycofact_glyco,4
Glyoxalase_6,PhyH,4
mycofact_OYE_2,UPF0225,4
MFS_1,mycofact_OYE_1,4
mycofactocin,PIN,4
HAD-SF-IB-hyp1,mycofactocin,4
HAD-SF-IB-hyp1,Mycofactocin_RRE,4
2A0121,mycofact_rSAM,4
HAD-SF-IB-hyp1,mycofact_rSAM,4
am_tr_V_VC1184,gas_vesic_GvpN,4
SIP,actino_HemFlav,4
SIP,mycofact_rSAM,4
xylG,adh_short_C2,4
Ac_CoA_lig_AcsA,Methyltransf_11,4
2A0121,mycofactocin,4
mycofact_rSAM,betaine_BetI,4
SIP,mycofactocin,4
AMP-binding,adh_short,4
AsnC_trans_reg,mycofact_glyco,4
xylG,Mycofactocin_RRE,4
SIP,Mycofactocin_RRE,4
cyc_hxne_CoA_dh,efflux_EmrB,4
mycofact_glyco,DUF1707,4
DJ-1_PfpI,mycofactocin,4
AsnC_trans_reg,Rv0697,4
Aldo_ket_red,Fe-ADH,4
Aldo_ket_red,HisKA_3,4
UPF0225,efflux_Bcr_CflA,4
Aldedh,Methyltransf_11,4
EutC,Orn_aminotrans,4
mycofact_rSAM,ABC2_membrane,4
EutC,EutB,4
Asp_Glu_race,DUF222,4
Rv0697,SigE-fam_strep,4
GntR,mycofact_creat,4
mycofact_TetR,SigE-fam_strep,4
SigE-fam_strep,Pyr_redox_2,4
EF-Tu,rpsJ_bact,4
mycofact_rSAM,2a6301s01,4
mycofact_glyco,FMO-like,4
Mycofactocin_RRE,2a6301s01,4
mycofact_creat,FMO-like,4
actino_HemFlav,FMO-like,4
mycofact_rSAM,FMO-like,4
Mycofactocin_RRE,FMO-like,4
mycofactocin,FMO-like,4
Rv0697,F420_MSMEG_2249,4
mycofact_rSAM,F420_MSMEG_2249,4
EutC,2A0305,4
Rv0697,KshA_C,4
EutC,Rv0697,4
mycofactocin,2a6301s01,4
Rv0697,Isochorismatase,4
mycofact_glyco,F420_MSMEG_2249,4
mycofact_glyco,KshA_C,4
mycofact_creat,F420_MSMEG_2249,4
mycofact_creat,KshA_C,4
Thioesterase,mycofactocin,4
AMP-binding,Aldedh,4
Thioesterase,Mycofactocin_RRE,4
Thioesterase,mycofact_rSAM,4
actino_HemFlav,F420_MSMEG_2249,4
actino_HemFlav,2a6301s01,4
NUDIX,SDR_subfam_1,4
mycofact_glyco,2a6301s01,4
NUDIX,NDMA_methanol,4
AHSA1,TetR_N,4
DUF4442,Rv0697,4
HTH_20,TetR_N,4
ccpA,mycofactocin,4
MmgE_PrpD,mycofact_glyco,4
MmgE_PrpD,Mycofactocin_RRE,4
MmgE_PrpD,mycofactocin,4
mycofactocin,/NonD,4
Mycofactocin_RRE,/NonD,4
mycofact_rSAM,/NonD,4
mycofact_OYE_1,Acetyltransf_1,4
mycofact_OYE_2,Acetyltransf_1,4
mycofact_OYE_2,/NonD,4
OB_aCoA_assoc,mycofact_creat,4
OB_aCoA_assoc,SDR_subfam_2,4
OB_aCoA_assoc,mycofact_glyco,4
DUF2332,P450_cycloAA_1,4
Pkinase,mycofact_TetR,4
mycofact_creat,Cupin_2,4
Pkinase,Rv0697,4
AMP-binding,ECH_1,4
protocat_pcaD,cyc_hxne_CoA_dh,4
ECH_1,AcCoA-C-Actrans,4
adh_short_C2,cyc_hxne_CoA_dh,4
Transp_cyt_pur,NDMA_methanol,4
AMP-binding,Glyoxalase,4
WD40,Methyltransf_11,4
AMP-binding,protocat_pcaD,4
quinone_pig3,SDR_subfam_2,4
actino_HemFlav,KshA_C,4
mycofact_rSAM,KshA_C,4
mycofact_OYE_1,Usp,4
mycofact_rSAM,CDF,4
ETF_alpha,VWA_CoxE,4
mycofactocin,FAA_hydrolase,4
mycofact_creat,Fer4_15,4
DUF222,Transp_cyt_pur,4
Mycofactocin_RRE,FAA_hydrolase,4
mycofact_rSAM,FAA_hydrolase,4
MMPL,mycofact_TetR,4
MMPL,mycofactocin,4
MMPL,Mycofactocin_RRE,4
MMPL,mycofact_rSAM,4
MMPL,actino_HemFlav,4
mycofact_TetR,CDF,4
mycofactocin,CDF,4
Mycofactocin_RRE,CDF,4
mft_etfB,Rxyl_3153,4
XdhC_C,mycofactocin,4
mft_etfB,Usp,4
DUF418,mycofact_creat,4
DUF418,mycofact_rSAM,4
DUF418,Mycofactocin_RRE,4
GG-red-SF,Rxyl_3153,4
GG-red-SF,Usp,4
DUF418,mycofactocin,4
DUF418,DUF952,4
pcaR_pcaU,SDR_subfam_2,4
ETF_alpha,Usp,4
HisKA_3,Phosphodiest,4
HisKA_3,DUF952,4
mycofact_OYE_2,Usp,4
HisKA_3,DUF418,4
mft_etfB,NDMA_methanol,4
Mycofactocin_RRE,Amino_oxidase,4
Methyltransf_25,LysR_substrate,4
Acyl-CoA_dh_1,Rv0697,4
Mycofactocin_RRE,F420_MSMEG_2249,4
EutC,mycofact_glyco,4
Mycofactocin_RRE,KshA_C,4
EutC,mycofact_creat,4
mycofactocin,F420_MSMEG_2249,4
SBP_bac_1,mycofactocin,4
SBP_bac_1,mycofact_rSAM,4
mycofactocin,KshA_C,4
mycofact_TetR,F420_MSMEG_2249,4
mycofact_TetR,KshA_C,4
EutC,actino_HemFlav,4
EutC,mycofact_rSAM,4
protocat_pcaD,Rxyl_3153,4
Mycofactocin_RRE,PaaC-3OHAcCoADH,4
EutC,Mycofactocin_RRE,4
EutC,mycofactocin,4
EutC,mycofact_TetR,4
EutC,Pyr_redox_2,4
EutC,HTH_AsnC-type,4
EutC,DDAH_eukar,4
EutC,2A0306,4
EutC,Usp,4
DUF1254,mycofact_rSAM,4
AA-adenyl-dom,mycofact_glyco,4
DUF1254,mycofactocin,4
AA-adenyl-dom,AMP-binding,4
mycofact_OYE_2,adh_short_C2,4
mycofact_OYE_2,VWA_2,4
mycofact_creat,Hydrolase_4,4
PA_CoA_ligase,mycofactocin,4
XdhC_C,Mycofactocin_RRE,4
mycofactocin,DUF664,4
FAD_binding_5,4hydroxCoAred,4
SDR_subfam_2,HxlR,4
TetR_N,Response_reg,4
mycofact_TetR,MerR_1,4
Mycofactocin_RRE,MerR_1,4
AAA_5,UPF0225,4
Phage_integrase,mycofact_rSAM,4
MarR,mycofact_TetR,4
SDR_subfam_1,FA_desaturase,4
mycofact_creat,TIGR00147,4
Abhydrolase_6,SDR_subfam_1,4
mycofact_glyco,xylG,4
Response_reg,Flavodoxin_2,4
TetR_N,VWA_2,4
FAD_binding_5,NDMA_methanol,4
FAD_binding_5,AAA_5,4
FAD_binding_5,VWA_CoxE,4
mycofact_glyco,Amidase,4
mycofact_creat,HATPase_c_2,4
4hydroxCoAred,SBP_bac_5,4
mycofactocin,Amidase,4
Phosphodiest,SBP_bac_5,4
actino_HemFlav,HATPase_c_2,4
mycofact_creat,xylG,4
mycofact_rSAM,HATPase_c_2,4
Abhydrolase_3,actino_HemFlav,4
Gpr1_Fun34_YaaH,SDR_subfam_2,4
Gpr1_Fun34_YaaH,actino_HemFlav,4
mycofact_TetR,Cupin_2,4
mycofact_creat,PaaB1,4
mycofact_glyco,PhnU2,4
nickel_nikB,nickel_nikE,4
Pyr_redox_3,mycofact_TetR,4
mycofact_rSAM,PhnU2,4
nickel_nikC,nickel_nikE,4
T7SS_ESX_EspC,mycofact_TetR,4
T7SS_ESX_EspC,mycofactocin,4
T7SS_ESX_EspC,Mycofactocin_RRE,4
nickel_nikC,mycofact_glyco,4
T7SS_ESX_EspC,mycofact_rSAM,4
T7SS_ESX_EspC,actino_HemFlav,4
Rv0697,HxlR,4
mycofactocin,PhnU2,4
nickel_nikE,mycofact_glyco,4
SDR_subfam_1,APH,4
gas_vesic_GvpN,Fe-ADH,4
CoA_transf_3,APH,4
Alpha-amylase,actino_HemFlav,4
Alpha-amylase,SDR_subfam_2,4
P450_cycloAA_1,SDR_subfam_2,4
Bac_luciferase,mycofact_TetR,4
gas_vesic_GvpN,Methyltransf_25,4
HisKA_3,Flavodoxin_2,4
Mycofactocin_RRE,HATPase_c_2,4
mycofactocin,HATPase_c_2,4
Mycofactocin_RRE,D-hydantoinase,4
FeFe_hydrog_B1,ilvD,4
FeFe_hydrog_B1,Tex_N,4
FeFe_hydrog_B1,greA,4
mycofact_rSAM,DUF664,4
mycofact_rSAM,Flavodoxin_2,4
MM_CoA_mutase,actino_HemFlav,4
Response_reg,GntR,4
Rv0697,MaoC_dehydrat_N,4
pcaR_pcaU,AAA_5,4
HisKA_3,LysR_substrate,4
mycofact_glyco,MaoC_dehydrat_N,4
mycofact_creat,MaoC_dehydrat_N,4
pcaR_pcaU,Fe-ADH,4
pcaR_pcaU,HisKA_3,4
Abhydrolase_3,mycofact_TetR,4
Abhydrolase_3,mycofact_glyco,4
nickel_nikB,mycofact_TetR,4
SnoaL_2,Pyr_redox_2,4
LysR_substrate,GntR,4
nickel_nikC,mycofact_TetR,4
nickel_nikD,actino_HemFlav,4
CoA_transf_3,SnoaL_2,4
nickel_nikD,mycofact_TetR,4
mycofactocin,D-hydantoinase,4
mycofact_rSAM,D-hydantoinase,4
DUF952,SBP_bac_5,4
actino_HemFlav,D-hydantoinase,4
mycofact_glyco,HATPase_c_2,4
Rv0697,GerE,4
Peripla_BP_2,drrB,4
Peripla_BP_2,drrA,4
Peripla_BP_2,TetR_C_1,4
mycofact_creat,drrB,4
PA_CoA_Oxy5,cyc_hxne_CoA_dh,4
2A0106,mycofact_creat,4
mycofactocin,Flavodoxin_2,4
drrB,actino_HemFlav,4
Mycofactocin_RRE,DUF664,4
Mycofactocin_RRE,Flavodoxin_2,4
drrA,Aldedh,4
HTH_30,SDR_subfam_2,4
HTH_30,mycofact_creat,4
prpB,D-hydantoinase,4
phnR_burk,D-hydantoinase,4
phnR_burk,prpB,4
betA,D-hydantoinase,4
betA,prpB,4
betA,phnR_burk,4
mycofact_glyco,D-hydantoinase,4
mycofact_creat,D-hydantoinase,4
mycofact_glyco,PaaB1,4
HisKA_3,Trans_reg_C,4
Response_reg,Trans_reg_C,4
mycofact_creat,HTH_24,4
Rv0697,HTH_24,4
actino_HemFlav,SBP_bac_5,4
proV,mycofact_creat,4
adk,Aldedh,4
adk,DUF779,4
DUF4442,drrA,4
Ac_CoA_lig_AcsA,Aldedh,4
Ac_CoA_lig_AcsA,DUF779,4
DUF4442,ABC2_membrane,4
proV,mycofact_glyco,4
PE,Glyoxalase_6,4
AFOR_C,NUDIX,4
PE,Sig70_famx2,4
EF-Tu,rpsG_bact,4
proV,mycofact_rSAM,4
SDR_subfam_1,rpsG_bact,4
Pyr_redox_2,rpsG_bact,4
pucE,FAD_binding_5,4
pucE,mycofactocin,4
pucE,Mycofactocin_RRE,4
pucE,mycofact_rSAM,4
actino_HemFlav,rpsG_bact,4
mycofact_creat,rpsG_bact,4
mycofact_glyco,HTH_24,4
actino_HemFlav,HTH_24,4
GG-red-SF,Fe-ADH,4
mycofact_rSAM,HTH_24,4
2A0106,mycofact_glyco,4
SDR_subfam_2,ROK,4
Mycofactocin_RRE,ROK,4
mft_etfB,P450_cycloAA_1,4
Fer4_2,TetR_N,4
mycofact_glyco,MM_CoA_mutase,4
mycofact_glyco,MarR_2,4
GG-red-SF,P450_cycloAA_1,4
GG-red-SF,TetR_N,4
TetR_C_24,SDR_subfam_2,4
SBP_bac_5,nickel_nikE,4
ETF_alpha,P450_cycloAA_1,4
ETF_alpha,TetR_N,4
SnoaL_4,ECH_1,4
mycofact_OYE_2,P450_cycloAA_1,4
Amidase,SDR_subfam_2,4
Amidase,mycofact_creat,4
mycofact_OYE_1,P450_cycloAA_1,4
Rv0697,nickel_nikE,4
Bac_luciferase,SDR_subfam_2,4
mycofact_TetR,HTH_24,4
mycofactocin,HTH_24,4
Mycofactocin_RRE,HTH_24,4
pucE,actino_HemFlav,4
GG-red-SF,MFS_1,4
Response_reg,4hydroxCoAred,4
mycofact_glyco,Methyltransf_19,4
APH,Rv0697,4
Mycofactocin_RRE,sda_mono,4
GAF,Aldedh,4
mycofactocin,sda_mono,4
mycofactocin,Hemerythrin,4
Mycofactocin_RRE,Hemerythrin,4
MarR_2,quinone_pig3,4
mycofact_TetR,HTH_3,4
mycofact_rSAM,Hemerythrin,4
Amidohydro_2,adh_short,4
mycofact_creat,nickel_nikB,4
efflux_EmrB,AAA_5,4
G3P_acyltransf,mycofactocin,4
G3P_acyltransf,Mycofactocin_RRE,4
G3P_acyltransf,mycofact_rSAM,4
Lactamase_B,mycofactocin,4
Lactamase_B,Mycofactocin_RRE,4
Lactamase_B,mycofact_rSAM,4
SDR_subfam_2,P450_rel_GT_act,4
AAA_5,Trans_reg_C,4
VWA_CoxE,Trans_reg_C,4
Response_reg,FAD_binding_5,4
Response_reg,CO_dehy_Mo_lg,4
mycofact_rSAM,sda_mono,4
GerE,Transp_cyt_pur,4
CYP450_TxtE,EF-G,4
GerE,Asp_Glu_race,4
pucE,mycofact_creat,4
ETF_alpha,MFS_1,4
pucE,SDR_subfam_2,4
TetR_N,Pyr_redox_3,4
pucE,mycofact_glyco,4
pucE,mycofact_TetR,4
FAD_binding_5,actino_HemFlav,4
NUDIX,phoR_proteo,4
FAD_binding_5,SDR_subfam_2,4
FAD_binding_5,mycofact_TetR,4
CO_dehy_Mo_lg,SDR_subfam_2,4
Pyr_redox_3,SDR_subfam_1,4
mycofactocin,PhoB,4
Mycofactocin_RRE,PhoB,4
DDAH_eukar,DUF222,4
mycofact_rSAM,PhoB,4
SDR_subfam_1,P450_rel_GT_act,4
PA_CoA_Oxy5,Fe-ADH,4
L3_bact,mycofact_TetR,4
mycofact_glyco,sda_mono,4
L3_bact,DUF2332,4
mycofact_creat,sda_mono,4
actino_HemFlav,sda_mono,4
GntR,adh_short,4
MM_CoA_mutase,SDR_subfam_2,4
ECH_1,adh_short,4
Methyltransf_23,actino_HemFlav,4
Mycofactocin_RRE,MPAB_Lcp_cat,4
actino_HemFlav,Acyl-CoA_dh_2,4
mycofact_creat,Acyl-CoA_dh_2,4
mycofactocin,MPAB_Lcp_cat,4
adh_short,decarb_PcaC,4
adh_short,P450_cycloAA_1,4
mycofact_glyco,Acyl-CoA_dh_2,4
adh_short_C2,decarb_PcaC,4
adh_short_C2,P450_cycloAA_1,4
Response_reg,Rv0697,4
Methyltransf_11,adh_short,4
Aldedh,decarb_PcaC,4
Mycofactocin_RRE,FAD_binding_2,4
actino_HemFlav,AAA_16,4
Aldedh,P450_cycloAA_1,4
3oxo_ACP_reduc,mycofact_glyco,4
3oxo_ACP_reduc,Rv0697,4
actino_HemFlav,Hydrolase_4,4
TetR_C_33,mycofact_creat,4
mycofact_rSAM,Acyl-CoA_dh_2,4
Fer4,mycofact_creat,4
mycofact_rSAM,MPAB_Lcp_cat,4
Fer4,mycofact_rSAM,4
Mycofactocin_RRE,LCM,4
mycofactocin,LCM,4
mycofact_TetR,LCM,4
mycofact_TetR,ROK_glcA_fam,4
DUF4442,Pyr_redox_2,4
Fer4,mycofactocin,4
NUDIX,ROK_glcA_fam,4
Fer4,Mycofactocin_RRE,4
Fer4,actino_HemFlav,4
Mycofactocin_RRE,Acyl-CoA_dh_2,4
SDR_subfam_1,pcaR_pcaU,4
CobN-Mg_chel,SDR_subfam_2,4
NDMA_methanol,Rv0697,4
GntR,SDR_subfam_2,4
GntR,AAA_5,4
VWA_CoxE,Rv0697,4
Fe-ADH,Rv0697,4
mycofactocin,Acyl-CoA_dh_2,4
SDR_subfam_2,HTH_20,4
actino_HemFlav,AA_permease_2,4
SpoIIE,actino_HemFlav,4
SDR_subfam_1,LssY_C,4
DSBA,actino_HemFlav,4
mycofactocin,TRX_reduct,4
Methyltransf_11,drrA,4
Mycofactocin_RRE,TRX_reduct,4
mycofact_rSAM,TRX_reduct,4
Rxyl_3153,Polyketide_cyc2,4
VWA_2,LssY_C,4
AAA_5,LssY_C,4
PhyH,TetR_N,4
mycofact_TetR,Flavin_Reduct,4
mycofact_rSAM,LssY_C,4
Mycofactocin_RRE,LssY_C,4
SDR_subfam_1,Isochorismatase,4
mycofactocin,LssY_C,4
mycofact_TetR,LssY_C,4
Rv0697,LssY_C,4
GAF,Methyltransf_11,4
efflux_Bcr_CflA,Aldo_ket_red,4
Methyltransf_11,Ribonuc_L-PSP,4
mycofact_glyco,BPD_transp_1,4
mycofact_rSAM,AA_permease_2,4
decarb_PcaC,P450_cycloAA_1,4
SpoIIE,LysR_substrate,4
Mycofactocin_RRE,AA_permease_2,4
decarb_PcaC,Mycofactocin_RRE,4
decarb_PcaC,actino_HemFlav,4
mycofactocin,AA_permease_2,4
decarb_PcaC,mycofact_creat,4
SDR_subfam_2,Phosphodiest,4
decarb_PcaC,Fer4_13,4
TetR_C_1,mycofact_OYE_2,4
actino_HemFlav,Peripla_BP_6,4
pcaR_pcaU,Rxyl_3153,4
TetR_C_1,mycofact_OYE_1,4
mycofact_TetR,RibD_C,4
DSBA,Polyketide_cyc2,4
Rv0697,BPD_transp_1,4
DSBA,mycofact_TetR,4
mycofact_creat,BPD_transp_1,4
mycofact_glyco,Peripla_BP_6,4
Methyltransf_23,mycofact_creat,4
Methyltransf_11,LssY_C,4
Mycofactocin_RRE,recomb_XerC,4
GerE,mycofact_OYE_1,4
mycofact_rSAM,LCM,4
ant_ant_sig,mycofact_TetR,4
TetR_C_11,mycofact_rSAM,4
CobN-Mg_chel,ilvD,4
GerE,mycofact_OYE_2,4
mycofact_OYE_1,DUF222,4
DUF222,mycofact_OYE_2,4
CobN-Mg_chel,Tex_N,4
Mycofactocin_RRE,DUF397,4
TetR_C_11,mycofactocin,4
Voltage_CLC,DoxX_3,4
mycofact_rSAM,DUF397,4
mycofact_TetR,Meth_synt_2,4
mycofact_creat,AraC_binding_2,4
DNA_alkylation,Voltage_CLC,4
AAA_5,GAF,4
Pyr_redox_2,Voltage_CLC,4
Peripla_BP_3,cyc_hxne_CoA_dh,4
mycofactocin,Meth_synt_2,4
ant_ant_sig,mycofactocin,4
Peripla_BP_3,Mycofactocin_RRE,4
XdhC_C,mycofact_glyco,4
mycofact_creat,HTH_3,4
XdhC_C,mycofact_creat,4
mycofact_TetR,tdh,4
mycofactocin,DUF397,4
VWA_CoxE,efflux_Bcr_CflA,4
HTH_3,AMP-binding,4
Peripla_BP_3,npdG,4
XdhC_C,actino_HemFlav,4
actino_HemFlav,recomb_XerC,4
AAA_5,am_tr_V_VC1184,4
NDMA_methanol,am_tr_V_VC1184,4
NDMA_methanol,efflux_Bcr_CflA,4
DDAH_eukar,SDR_subfam_1,4
nickel_nikC,SBP_bac_5,4
mycofact_rSAM,Meth_synt_2,4
Mycofactocin_RRE,Meth_synt_2,4
AAA_5,adh_short_C2,4
FCD,mycofact_TetR,4
mycofact_OYE_2,LCM,4
FCD,Mycofactocin_RRE,4
ant_ant_sig,Mycofactocin_RRE,4
mycofact_OYE_1,LCM,4
mycofact_OYE_1,ROK_glcA_fam,4
actino_HemFlav,Aldo_ket_red,4
mycofact_creat,Lipase_GDSL_2,4
CobN-Mg_chel,mycofact_OYE_2,4
ETF_alpha,LCM,4
FCD,actino_HemFlav,4
mycofactocin,recomb_XerC,4
CobN-Mg_chel,mycofact_OYE_1,4
mycofact_TetR,proV,4
Methyltransf_11,Aldo_ket_red,4
FeFe_hydrog_B1,LCM,4
FCD,mycofact_rSAM,4
Methyltransf_23,mycofactocin,4
FCD,mycofact_creat,4
mycofact_OYE_2,ROK_glcA_fam,4
FCD,mycofact_glyco,4
mft_etfB,LCM,4
Methyltransf_23,Mycofactocin_RRE,4
ant_ant_sig,mycofact_rSAM,4
XdhC_C,mycofact_rSAM,4
FCD,mycofactocin,4
SDR_subfam_2,LCM,4
NDMA_methanol,GAF,4
GG-red-SF,LCM,4
CpaE_hom_Actino,mycofactocin,3
mycofact_glyco,pntA,3
GG-red-SF,NDMA_methanol,3
3oxo_ACP_reduc,TetR_N,3
DDAH_eukar,SigE-fam_strep,3
Glyoxalase,GMC_mycofac_2,3
VWA_CoxE,AHSA1,3
CpaE_hom_Actino,Mycofactocin_RRE,3
phoR_proteo,PhoB,3
mycofact_creat,FeFe_hydrog_B1,3
mft_etfB,Response_reg,3
TetR_C_24,cyc_hxne_CoA_dh,3
SDR_subfam_2,pntA,3
mycofact_glyco,FAA_hydrolase,3
FtsX,Mycofactocin_RRE,3
actino_HemFlav,phoR_proteo,3
SDR_subfam_2,PNTB,3
mycofact_creat,FAA_hydrolase,3
mft_etfB,VWA_CoxE,3
mycofact_TetR,SoxR,3
mycofact_glyco,PNTB,3
AAA_5,AHSA1,3
actino_HemFlav,PhoB,3
FtsX,mycofactocin,3
FtsX,mycofact_rSAM,3
mft_etfB,AAA_5,3
CpaE_hom_Actino,mycofact_TetR,3
AsnC_trans_reg,Pyr_redox_2,3
betA,Methyltransf_25,3
SDR_subfam_2,SigE-fam_strep,3
mycofact_rSAM,Ricin_B_lectin,3
betA,SDR_subfam_2,3
Isochorismatase,DUF1707,3
betA,AHSA1,3
Mycofactocin_RRE,PNTB,3
Mycofactocin_RRE,pntA,3
SDR_subfam_2,AAA_16,3
citE,mycofact_TetR,3
Lactamase_B,actino_HemFlav,3
CpaE_hom_Actino,mycofact_rSAM,3
AsnC_trans_reg,CYP450_TxtE,3
mycofactocin,PNTB,3
Glyoxalase_6,SigE-fam_strep,3
SigE-fam_strep,TetR_N,3
mycofactocin,pntA,3
mycofact_creat,nickel_nikE,3
CobN-Mg_chel,ETF_alpha,3
CobN-Mg_chel,mft_etfB,3
pcaR_pcaU,nickel_nikE,3
Rv0697,SBP_bac_5,3
CobN-Mg_chel,GG-red-SF,3
protocat_pcaD,Pyr_redox_2,3
mycofact_creat,AAA_16,3
mycofact_TetR,PNTB,3
TetR_C_31,actino_HemFlav,3
TetR_C_31,mycofactocin,3
actino_HemFlav,PNTB,3
actino_HemFlav,pntA,3
TetR_C_31,mycofact_rSAM,3
actino_HemFlav,FAA_hydrolase,3
mycofactocin,Ricin_B_lectin,3
SDR_subfam_1,AAA_16,3
Mycofactocin_RRE,Ricin_B_lectin,3
Ribonuc_L-PSP,mycofact_creat,3
mycofact_creat,Ricin_B_lectin,3
TetR_C_31,Mycofactocin_RRE,3
mycofact_glyco,Ricin_B_lectin,3
SDR_subfam_1,Ricin_B_lectin,3
mycofact_TetR,AAA_16,3
mycofact_rSAM,PNTB,3
mycofact_rSAM,pntA,3
actino_HemFlav,ant_ant_sig,3
PNTB,pntA,3
mycofact_TetR,SBP_bac_5,3
mycofact_TetR,pntA,3
mycofact_TetR,Ribosomal_L31,3
cztS_silS_copS,mycofactocin,3
mycofact_glyco,am_tr_V_VC1184,3
DHPS,actino_HemFlav,3
mft_etfB,IMS,3
mycofact_TetR,xylG,3
mycofactocin,Peripla_BP_4,3
mft_etfB,Fer4_9,3
SDR_subfam_2,IMS,3
Fer4_2,VWA_CoxE,3
mycofact_rSAM,Peripla_BP_4,3
actino_HemFlav,Peripla_BP_4,3
SDR_subfam_1,TetR_C_1,3
DUF4442,GMC_mycofac_2,3
HTH_20,FAD_binding_3,3
SDR_subfam_2,xylG,3
mycofact_glyco,Peripla_BP_4,3
DHPS,mycofact_glyco,3
gas_vesic_GvpN,drrB,3
DHPS,SDR_subfam_2,3
Fer4,mycofact_glyco,3
SDR_subfam_1,SpoIIE,3
DHPS,mycofact_rSAM,3
2A0121,Mycofactocin_RRE,3
DHPS,Mycofactocin_RRE,3
DHPS,mycofactocin,3
DHPS,mycofact_TetR,3
actino_HemFlav,MerR_1,3
SDR_subfam_2,MerR_1,3
mycofact_creat,MerR_1,3
SGL,mycofact_creat,3
Aldo_ket_red,Response_reg,3
Fer4_9,GG-red-SF,3
Fer4_9,ETF_alpha,3
Fer4_9,mycofact_OYE_2,3
Fer4_9,mycofact_rSAM,3
mycofactocin,PadR,3
Mycofactocin_RRE,Ribosomal_L31,3
Mycofactocin_RRE,PadR,3
GGDEF,Ribosomal_L31,3
mycofact_rSAM,Ribosomal_L31,3
UPF0225,am_tr_V_VC1184,3
mycofact_glyco,Meth_synt_2,3
GGDEF,Peripla_BP_2,3
mycofact_rSAM,PadR,3
mycofact_creat,Ribosomal_L31,3
Peripla_BP_2,Ribosomal_L31,3
Usp,IMS,3
mycofact_TetR,IMS,3
mycofactocin,IMS,3
Mycofactocin_RRE,IMS,3
mycofact_rSAM,IMS,3
mycofact_OYE_1,IMS,3
mycofact_OYE_2,IMS,3
MM_CoA_mutase,mycofact_TetR,3
ETF_alpha,IMS,3
GG-red-SF,IMS,3
Fer4_9,mycofactocin,3
HTH_31,SDR_subfam_2,3
Fer4_9,Mycofactocin_RRE,3
mycofact_OYE_1,Aldo_ket_red,3
Polyketide_cyc2,Ribosomal_L31,3
Polyketide_cyc2,GGDEF,3
gas_vesic_GvpN,Peripla_BP_2,3
gas_vesic_GvpN,drrA,3
Isochorismatase,Transp_cyt_pur,3
heli_sec_ATPase,actino_HemFlav,3
cztS_silS_copS,actino_HemFlav,3
cztS_silS_copS,SDR_subfam_2,3
T2SSF,Mycofactocin_RRE,3
T2SSF,mycofactocin,3
cztS_silS_copS,mycofact_glyco,3
betaine_BetI,actino_HemFlav,3
betaine_BetI,mycofact_glyco,3
T2SSF,mycofact_TetR,3
actino_HemFlav,LssY_C,3
mycofact_creat,citE,3
NAD_binding_10,mycofact_rSAM,3
heli_sec_ATPase,CpaE_hom_Actino,3
NAD_binding_10,Mycofactocin_RRE,3
heli_sec_ATPase,mycofact_rSAM,3
gas_vesic_GvpN,TetR_C_1,3
heli_sec_ATPase,Mycofactocin_RRE,3
heli_sec_ATPase,mycofactocin,3
heli_sec_ATPase,mycofact_TetR,3
NAD_binding_10,mycofactocin,3
CpaE_hom_Actino,actino_HemFlav,3
AcCoA-C-Actrans,Rv0697,3
mycofact_rSAM,HTH_5,3
Orn_aminotrans,SigE-fam_strep,3
AHSA1,Methyltransf_25,3
GAF,DUF779,3
Mycofactocin_RRE,HTH_5,3
mycofact_TetR,SGL,3
mycofactocin,HTH_5,3
T2SSF,mycofact_rSAM,3
cztS_silS_copS,mycofact_rSAM,3
T2SSF,actino_HemFlav,3
T2SSF,CpaE_hom_Actino,3
SGL,AAA_5,3
Fer4,SDR_subfam_2,3
Fer4,mycofact_TetR,3
Abhydrolase_1,SDR_subfam_2,3
TetR_C_33,actino_HemFlav,3
mycofact_glyco,SoxR,3
mycofact_rSAM,SoxR,3
Mycofactocin_RRE,SoxR,3
mycofactocin,SoxR,3
Mycofactocin_RRE,PhnU2,3
cztR_silR_copR,cztS_silS_copS,3
DDAH_eukar,COesterase,3
Phosphodiest,TetR_N,3
cztR_silR_copR,mycofactocin,3
cztR_silR_copR,Mycofactocin_RRE,3
cztR_silR_copR,mycofact_rSAM,3
cztR_silR_copR,actino_HemFlav,3
Fe-ADH,LysR_substrate,3
cztR_silR_copR,SDR_subfam_2,3
cztR_silR_copR,mycofact_glyco,3
Rv0697,PhnU2,3
mycofact_OYE_1,Rv0697,3
actino_HemFlav,ABC2_membrane,3
mycofact_glyco,drrA,3
T2SSF,heli_sec_ATPase,3
mycofact_OYE_2,Aldo_ket_red,3
cztS_silS_copS,Mycofactocin_RRE,3
SigBFG,Mycofactocin_RRE,3
Ribonuc_L-PSP,AcCoA-C-Actrans,3
Acyl_transf_3,mycofact_TetR,3
betA,Aldedh,3
Rv0697,HIBADH,3
ETF_alpha,ROK_glcA_fam,3
GG-red-SF,ROK_glcA_fam,3
FeFe_hydrog_B1,ROK_glcA_fam,3
mft_etfB,ROK_glcA_fam,3
PA_CoA_Oxy5,MFS_1,3
CYP450_TxtE,KshA_C,3
CYP450_TxtE,F420_MSMEG_2249,3
MFS_1,Rxyl_3153,3
COesterase,KshA_C,3
COesterase,F420_MSMEG_2249,3
mycofact_TetR,AraC_binding_2,3
GerE,DUF222,3
CO_dehy_Mo_lg,MFS_1,3
HisKA_3,DUF222,3
Fe-ADH,DUF222,3
ECH_1,SDR_subfam_1,3
LCM,NUDIX,3
AHSA1,DNA_alkylation,3
Fe-ADH,adh_short,3
DUF1254,mycofact_glyco,3
TetR_N,FAD_binding_2,3
TetR_N,APH,3
gas_vesic_GvpN,AAA_5,3
TetR_N,AAA_5,3
mycofactocin,FAD_binding_2,3
ECH_1,Aldedh,3
KshA_C,AMP-binding,3
SBP_bac_1,mycofact_glyco,3
mycofact_rSAM,VWA,3
Mycofactocin_RRE,VWA,3
PA_CoA_Oxy5,AHSA1,3
mycofactocin,VWA,3
Bac_luciferase,Aldedh,3
F420_MSMEG_2249,KshA_C,3
SBP_bac_1,BPD_transp_1,3
VWA_CoxE,DUF222,3
AHSA1,drrA,3
Rv0697,protocat_pcaD,3
DUF4442,COesterase,3
PEP_resp_reg,mycofact_TetR,3
mycofact_creat,Sortase,3
mycofact_rSAM,Sortase,3
Mycofactocin_RRE,Sortase,3
mycofactocin,Sortase,3
mycofact_TetR,Sortase,3
DUF4442,CYP450_TxtE,3
Aldo_ket_red,Transp_cyt_pur,3
CDF,mycofact_creat,3
ccpA,mycofact_glyco,3
ccpA,mycofact_rSAM,3
DDE_3,mycofactocin,3
DDE_3,Mycofactocin_RRE,3
DDE_3,mycofact_rSAM,3
HTH_30,mycofact_TetR,3
AMP-binding,HTH_30,3
CDF,actino_HemFlav,3
CDF,mycofact_glyco,3
quinone_pig3,AHSA1,3
adh_short_C2,DNA_alkylation,3
mycofact_TetR,Lipase_GDSL_2,3
Methyltransf_11,HxlR,3
mycofact_OYE_1,HxlR,3
Rxyl_3153,TetR_N,3
FAD_binding_3,VWA_2,3
SDR_subfam_1,EAL,3
mycofact_OYE_2,HxlR,3
nickel_nikC,mycofact_OYE_2,3
tartro_sem_red,mycofactocin,3
nickel_nikB,mycofact_OYE_2,3
CYP450_TxtE,SHOCT,3
Abhydrolase_3,mycofact_creat,3
Beta-lactamase,AMP-binding,3
tartro_sem_red,mycofact_rSAM,3
tartro_sem_red,Mycofactocin_RRE,3
Beta-lactamase,TetR_N,3
mycofact_rSAM,FAD_binding_2,3
GerE,SDR_subfam_1,3
DNA_alkylation,cyc_hxne_CoA_dh,3
Glyco_hydro_15,AAA_5,3
zwf,mycofact_rSAM,3
zwf,Mycofactocin_RRE,3
zwf,mycofactocin,3
zwf,mycofact_TetR,3
mycofact_rSAM,recomb_XerC,3
zwf,SigBFG,3
Glyco_hydro_15,Rxyl_3153,3
Glyco_hydro_15,VWA_CoxE,3
zwf,mycofact_creat,3
Glyco_hydro_15,mycofact_glyco,3
Glyco_hydro_15,SDR_subfam_2,3
Glyco_hydro_15,mycofact_creat,3
NTP_transf_9,mycofact_rSAM,3
NTP_transf_9,mycofact_creat,3
Glyco_hydro_15,actino_HemFlav,3
mycofact_TetR,Guanylate_cyc,3
zwf,actino_HemFlav,3
zwf,SDR_subfam_2,3
mycofactocin,Guanylate_cyc,3
SigBFG,AAA_5,3
SigBFG,mycofactocin,3
SigBFG,actino_HemFlav,3
SigBFG,mycofact_creat,3
SigBFG,SDR_subfam_2,3
SigBFG,mycofact_TetR,3
SigBFG,mycofact_glyco,3
SigBFG,VWA_CoxE,3
SigBFG,Rxyl_3153,3
zwf,mycofact_glyco,3
zwf,Rxyl_3153,3
zwf,AAA_5,3
zwf,VWA_CoxE,3
adh_short_C2,HIBADH,3
NTP_transf_9,mycofact_TetR,3
NTP_transf_9,mycofactocin,3
NTP_transf_9,Mycofactocin_RRE,3
Glyco_hydro_15,mycofact_rSAM,3
Mycofactocin_RRE,Guanylate_cyc,3
mycofact_glyco,AA_permease_2,3
mycofact_OYE_2,Aldedh,3
Polyketide_cyc2,SigBFG,3
Polyketide_cyc2,zwf,3
Polyketide_cyc2,Glyco_hydro_15,3
Polyketide_cyc2,SmpB,3
DSBA,AAA_5,3
DSBA,mycofact_glyco,3
DSBA,mycofact_creat,3
mycofact_OYE_2,LysR_substrate,3
SmpB,zwf,3
mycofact_glyco,Guanylate_cyc,3
actino_HemFlav,Guanylate_cyc,3
mycofact_TetR,AA_permease_2,3
B4_12hDH,mycofact_rSAM,3
B4_12hDH,Mycofactocin_RRE,3
B4_12hDH,mycofactocin,3
mycofact_creat,AA_permease_2,3
SmpB,Glyco_hydro_15,3
SmpB,SigBFG,3
Glyco_hydro_15,Mycofactocin_RRE,3
SmpB,AAA_5,3
mycofact_rSAM,Guanylate_cyc,3
mycofact_creat,Guanylate_cyc,3
Glyco_hydro_15,mycofactocin,3
Glyco_hydro_15,mycofact_TetR,3
Glyco_hydro_15,SigBFG,3
Glyco_hydro_15,zwf,3
SmpB,Rxyl_3153,3
SmpB,VWA_CoxE,3
SmpB,mycofact_TetR,3
SmpB,mycofact_glyco,3
SmpB,SDR_subfam_2,3
SmpB,mycofact_creat,3
SmpB,actino_HemFlav,3
SmpB,mycofact_rSAM,3
SmpB,Mycofactocin_RRE,3
SmpB,mycofactocin,3
cyc_hxne_CoA_dh,GMC_mycofac_2,3
CBS,Mycofactocin_RRE,3
Acyl_transf_3,mycofactocin,3
COesterase,Orn_aminotrans,3
mycofact_creat,GCV_T,3
mycofact_glyco,GCV_T,3
Ribonuc_L-PSP,protocat_pcaD,3
Ribonuc_L-PSP,GxGYxYP_C,3
Ribonuc_L-PSP,AMP-binding,3
CMD,mycofact_glyco,3
Pyr_redox_2,Rxyl_3153,3
Sig70_famx2,P450_cycloAA_1,3
L3_bact,Pyr_redox_2,3
caca2,SpoIIE,3
LysR_substrate,caca2,3
pyruv_oxi_spxB,SpoIIE,3
pyruv_oxi_spxB,caca2,3
pyruv_oxi_spxB,LysR_substrate,3
Mycofactocin_RRE,TMAO_torS,3
Mycofactocin_RRE,caca2,3
Ribonuc_L-PSP,pbp2_mrdA,3
Ribonuc_L-PSP,Glyoxalase,3
Rxyl_3153,SpoIIE,3
AMP-binding,pbp2_mrdA,3
GxGYxYP_C,protocat_pcaD,3
Amidohydro_2,adh_short_C2,3
GxGYxYP_C,mycofact_glyco,3
Phosphodiest,efflux_EmrB,3
4hydroxCoAred,efflux_EmrB,3
HTH_3,Pyr_redox_2,3
adh_short_C2,pcaR_pcaU,3
mycofactocin,GCV_T,3
actino_HemFlav,GCV_T,3
Mycofactocin_RRE,GCV_T,3
mycofact_rSAM,GCV_T,3
AMP-binding,GxGYxYP_C,3
Ribonuc_L-PSP,cyc_hxne_CoA_dh,3
SigBFG,mycofact_rSAM,3
Ribonuc_L-PSP,Rxyl_3153,3
L3_bact,SDR_subfam_1,3
Mycofactocin_RRE,pyruv_oxi_spxB,3
Rxyl_3153,caca2,3
GxGYxYP_C,Mycofactocin_RRE,3
COesterase,DUF2332,3
HTH_24,DDAH_eukar,3
HTH_24,Orn_aminotrans,3
PaaN-DH,mycofact_rSAM,3
PaaN-DH,Mycofactocin_RRE,3
AAA_5,ETF_alpha,3
Meth_synt_2,VWA_2,3
Meth_synt_2,AAA_5,3
COesterase,EF-G,3
Glyoxalase_6,HTH_24,3
GGDEF,SDR_subfam_1,3
mycofact_creat,sixA,3
mycofact_rSAM,sixA,3
Mycofactocin_RRE,sixA,3
Acyl_transf_3,mycofact_rSAM,3
VWA_CoxE,UPF0225,3
Acyl_transf_3,Mycofactocin_RRE,3
Pyr_redox_2,HTH_24,3
Asp_Glu_race,HTH_24,3
NUDIX,Creatininase,3
mycofact_rSAM,CutC,3
Aldo_ket_red,SDR_subfam_1,3
EF-Tu,PE,3
Rxyl_3153,pyruv_oxi_spxB,3
TetR_N,rpsG_bact,3
efflux_EmrB,EF-G,3
DUF2332,rpsG_bact,3
mycofact_creat,CutC,3
Mycofactocin_RRE,HpcH_HpaI,3
TetR_N,HTH_24,3
mycofactocin,HpcH_HpaI,3
mycofact_TetR,HpcH_HpaI,3
Mycofactocin_RRE,CutC,3
mycofactocin,CutC,3
DUF4442,HpcH_HpaI,3
ABC2_membrane,HpcH_HpaI,3
drrA,HpcH_HpaI,3
GxGYxYP_C,mycofact_rSAM,3
GxGYxYP_C,pbp2_mrdA,3
Pyr_redox_2,cyc_hxne_CoA_dh,3
catechol_dmpE,actino_HemFlav,3
TetR_N,CO_dehy_Mo_lg,3
AAA_5,FAD_binding_3,3
OB_aCoA_assoc,CoA_transf_3,3
LysR_substrate,adh_short_C2,3
SDR_subfam_2,MFS_1,3
catechol_dmpE,mycofact_glyco,3
catechol_dmpE,mycofact_creat,3
catechol_dmpE,mycofact_rSAM,3
adh_short_C2,mycofact_OYE_1,3
catechol_dmpE,Mycofactocin_RRE,3
catechol_dmpE,mycofactocin,3
catechol_dmpE,mycofact_TetR,3
Amino_oxidase,mycofact_TetR,3
Fer4_15,mycofact_TetR,3
CMD,mycofactocin,3
FAD_binding_4,mycofact_rSAM,3
AAA_5,DUF1707,3
TetR_C_1,UPF0225,3
FAD_binding_4,mycofactocin,3
FAD_binding_3,SDR_subfam_2,3
mycofact_glyco,4HBT_2,3
mycofactocin,4HBT_2,3
Mycofactocin_RRE,4HBT_2,3
mycofact_rSAM,4HBT_2,3
Transp_cyt_pur,FAD_binding_3,3
MLTR_LBD,adh_short,3
FAD_binding_3,efflux_EmrB,3
Polyketide_cyc2,efflux_EmrB,3
drrA,UPF0225,3
Polyketide_cyc2,mycofact_OYE_1,3
Polyketide_cyc2,mycofact_OYE_2,3
mycofact_glyco,HTH_20,3
efflux_EmrB,mycofact_OYE_1,3
SDR_subfam_2,PaaC-3OHAcCoADH,3
actino_HemFlav,PaaC-3OHAcCoADH,3
drrB,UPF0225,3
FAD_binding_4,Mycofactocin_RRE,3
FAD_binding_4,mycofact_TetR,3
efflux_EmrB,DUF952,3
efflux_EmrB,SBP_bac_5,3
Mycofactocin_RRE,pbp2_mrdA,3
mycofact_rSAM,pbp2_mrdA,3
Trans_reg_C,4hydroxCoAred,3
protocat_pcaD,AcCoA-C-Actrans,3
Trans_reg_C,CO_dehy_Mo_lg,3
protocat_pcaD,Glyoxalase,3
Trans_reg_C,FAD_binding_5,3
protocat_pcaD,pbp2_mrdA,3
pbp2_mrdA,SDR_subfam_1,3
mycofact_glyco,pbp2_mrdA,3
GxGYxYP_C,cyc_hxne_CoA_dh,3
GxGYxYP_C,AcCoA-C-Actrans,3
GxGYxYP_C,Rxyl_3153,3
GxGYxYP_C,Glyoxalase,3
GxGYxYP_C,SDR_subfam_1,3
GxGYxYP_C,mycofactocin,3
pbp2_mrdA,mycofactocin,3
mycofact_OYE_1,nickel_nikB,3
CMD,mycofact_rSAM,3
Glyoxalase,cyc_hxne_CoA_dh,3
mycofact_TetR,Cob-chelat-sub,3
mycofactocin,Cob-chelat-sub,3
Mycofactocin_RRE,Cob-chelat-sub,3
Rxyl_3153,cyc_hxne_CoA_dh,3
mycofact_rSAM,Cob-chelat-sub,3
UPF0225,gas_vesic_GvpN,3
PaaB1,ECH_1,3
Fe-ADH,Trans_reg_C,3
pbp2_mrdA,Glyoxalase,3
HisKA_3,FAD_binding_5,3
Glyoxalase,AcCoA-C-Actrans,3
Glyoxalase,Rxyl_3153,3
Methyltransf_25,Trans_reg_C,3
pbp2_mrdA,cyc_hxne_CoA_dh,3
pbp2_mrdA,AcCoA-C-Actrans,3
pbp2_mrdA,Rxyl_3153,3
actino_HemFlav,4HBT_2,3
SDR_subfam_2,tdh,3
CoA_transf_3,Acyl-CoA_dh_1,3
mycofact_TetR,BPD_transp_1,3
mycofact_creat,RibD_C,3
mycofact_glyco,RibD_C,3
2A0106,Rv0697,3
PhyH,efflux_EmrB,3
mycofact_OYE_2,LIP,3
mycofact_OYE_1,LIP,3
Polyketide_cyc2,Isochorismatase,3
Methyltransf_11,LIP,3
drrA,LIP,3
actino_HemFlav,BPD_transp_1,3
Rv0697,LysR_substrate,3
HxlR,Ribonuc_L-PSP,3
GMC_oxred_C,mycofact_rSAM,3
Aldedh,SpoIIE,3
CoA_transf_3,Rv0697,3
CoA_transf_3,Aldedh,3
CoA_transf_3,phnR_burk,3
VWA_2,pcaR_pcaU,3
Acyl-CoA_dh_2,Flavin_Reduct,3
Rv0697,Flavin_Reduct,3
Rv0697,Acyl-CoA_dh_2,3
mycofact_TetR,Acyl-CoA_dh_2,3
GMC_oxred_C,mycofact_glyco,3
GMC_oxred_C,mycofact_creat,3
actino_HemFlav,RibD_C,3
HisKA_3,Acetyltransf_1,3
GerE,Methyltransf_25,3
GerE,AMP-binding,3
pimD_small,mycofact_TetR,3
pimD_small,mycofactocin,3
SDR_subfam_2,GerE,3
SDR_subfam_2,Fer4_15,3
pimD_small,Mycofactocin_RRE,3
pimD_small,mycofact_rSAM,3
mycofact_glyco,Amino_oxidase,3
pimD_small,actino_HemFlav,3
pimD_small,mycofact_creat,3
pimD_small,Rv0697,3
adh_short_C2,AcCoA-C-Actrans,3
3oxo_ACP_reduc,SDR_subfam_2,3
efflux_EmrB,npdG,3
adk,Gpr1_Fun34_YaaH,3
PA_CoA_ligase,pcaR_pcaU,3
PA_CoA_ligase,mycofact_glyco,3
PA_CoA_ligase,mycofact_creat,3
TetR_C_24,AAA_5,3
Peripla_BP_3,ECH_1,3
Peripla_BP_3,efflux_EmrB,3
SDR_subfam_2,FA_desaturase,3
AAA_5,PA_CoA_Oxy5,3
AMP-binding,COesterase,3
GMC_oxred_C,actino_HemFlav,3
GMC_oxred_C,Mycofactocin_RRE,3
DUF4242,mycofact_rSAM,3
TetR_C_1,EAL,3
proV,actino_HemFlav,3
Ribonuc_L-PSP,pcaR_pcaU,3
Ribonuc_L-PSP,GerE,3
Ribonuc_L-PSP,HisKA_3,3
Ribonuc_L-PSP,Fe-ADH,3
Ribonuc_L-PSP,AAA_5,3
HisKA_3,GntR,3
Response_reg,PA_CoA_Oxy5,3
SDR_subfam_1,Malic_M,3
mycofact_TetR,prpB,3
rpsJ_bact,EF-G,3
drrA,EAL,3
GMC_oxred_C,mycofactocin,3
PhoB,mycofact_glyco,3
drrB,EAL,3
VWA_CoxE,SBP_bac_5,3
AAA_5,SBP_bac_5,3
NDMA_methanol,SBP_bac_5,3
mycofact_OYE_1,SBP_bac_5,3
actino_HemFlav,Amidase,3
CO_dehy_Mo_lg,SBP_bac_5,3
TIGR00147,FA_desaturase,3
MmgE_PrpD_C,FA_desaturase,3
MmgE_PrpD_C,TIGR00147,3
LysR_substrate,adh_short,3
mycofact_creat,SsuA_fam,3
adh_short,gas_vesic_GvpN,3
mycofact_rSAM,SsuA_fam,3
GMC_oxred_C,mycofact_TetR,3
Methyltransf_23,mycofact_glyco,3
Methyltransf_23,mycofact_rSAM,3
Methyltransf_23,mycofact_TetR,3
nickel_nikD,Rv0697,3
Rv0697,proV,3
Abhydrolase_1,Rv0697,3
Pyr_redox_2,LIP,3
DNA_alkylation,LIP,3
Voltage_CLC,LIP,3
PP-binding,Mycofactocin_RRE,3
PP-binding,mycofactocin,3
DoxX_3,LIP,3
PA_CoA_Oxy5,LIP,3
LIP,CoA_transf_3,3
LIP,mycofact_creat,3
LIP,mycofact_glyco,3
LIP,GMC_mycofac_2,3
Methyltransf_11,Methyltransf_25,3
Rv0697,SsuA_fam,3
mycofact_TetR,SsuA_fam,3
mycofactocin,SsuA_fam,3
Mycofactocin_RRE,SsuA_fam,3
mycofact_creat,Amino_oxidase,3
mycofact_rSAM,4HBT,3
MLTR_LBD,TIGR00147,3
prpB,Hva1_TUDOR,3
betA,Hva1_TUDOR,3
pimC_large,TetR_N,3
phnR_burk,Chorismate_bind,3
phnR_burk,DUF3293,3
pimC_large,mycofact_TetR,3
pimC_large,mycofact_creat,3
phnR_burk,Hva1_TUDOR,3
pimC_large,actino_HemFlav,3
Acyl-CoA_dh_1,cyc_hxne_CoA_dh,3
prpB,Chorismate_bind,3
prpB,DUF3293,3
Acyl-CoA_dh_1,ECH_1,3
mycofact_OYE_1,/NonD,3
D-hydantoinase,Chorismate_bind,3
D-hydantoinase,DUF3293,3
D-hydantoinase,Hva1_TUDOR,3
AMP-binding,Acyl-CoA_dh_1,3
DUF2332,HTH_AsnC-type,3
efflux_EmrB,VWA_2,3
MTES_1575,Pyr_redox_2,3
SDR_subfam_1,MTES_1575,3
MaoC_dehydratas,adh_short_C2,3
MaoC_dehydratas,PA_CoA_Oxy5,3
ATP-grasp_4,/NonD,3
betA,DUF3293,3
actino_HemFlav,menE,3
betA,Chorismate_bind,3
mycofact_rSAM,menE,3
mycofactocin,Chorismate_bind,3
mycofactocin,DUF3293,3
mycofactocin,Hva1_TUDOR,3
Mycofactocin_RRE,Chorismate_bind,3
Mycofactocin_RRE,DUF3293,3
Mycofactocin_RRE,Hva1_TUDOR,3
mycofact_rSAM,Chorismate_bind,3
mycofact_rSAM,DUF3293,3
mycofact_rSAM,Hva1_TUDOR,3
actino_HemFlav,Chorismate_bind,3
actino_HemFlav,DUF3293,3
actino_HemFlav,Hva1_TUDOR,3
mycofact_creat,Chorismate_bind,3
mycofact_creat,DUF3293,3
Asp_Glu_race,WD40,3
Transp_cyt_pur,WD40,3
mycofact_creat,Hva1_TUDOR,3
mycofact_glyco,Chorismate_bind,3
mycofact_glyco,DUF3293,3
mycofact_glyco,Hva1_TUDOR,3
mycofact_TetR,menE,3
mycofactocin,menE,3
Mycofactocin_RRE,menE,3
mycofact_OYE_2,ATP-grasp_4,3
mycofact_OYE_1,ATP-grasp_4,3
DUF4242,Mycofactocin_RRE,3
Glyoxalase_6,GG-red-SF,3
Stand_Alone_Lasso_RRE,mycofact_rSAM,3
Stand_Alone_Lasso_RRE,mycofact_OYE_1,3
Stand_Alone_Lasso_RRE,mycofact_OYE_2,3
Stand_Alone_Lasso_RRE,ETF_alpha,3
Stand_Alone_Lasso_RRE,GG-red-SF,3
Stand_Alone_Lasso_RRE,mft_etfB,3
Stand_Alone_Lasso_RRE,SDR_subfam_2,3
Glyoxalase_6,Fer4_13,3
Glyoxalase_6,mycofact_OYE_1,3
Glyoxalase_6,mycofact_OYE_2,3
Glyoxalase_6,ETF_alpha,3
Glyoxalase_6,mft_etfB,3
mycofact_rSAM,ATP-grasp_4,3
Fer4_13,mycofact_OYE_1,3
Fer4_13,mycofact_OYE_2,3
Fer4_13,ETF_alpha,3
Fer4_13,GG-red-SF,3
GerE,Amino_oxidase,3
Fer4_13,mft_etfB,3
mycofact_glyco,Hydrolase_4,3
DUF4242,mycofact_glyco,3
mycofactocin,4HBT,3
DUF4242,mycofactocin,3
Mycofactocin_RRE,4HBT,3
Stand_Alone_Lasso_RRE,Mycofactocin_RRE,3
Stand_Alone_Lasso_RRE,mycofactocin,3
Stand_Alone_Lasso_RRE,mycofact_TetR,3
Stand_Alone_Lasso_RRE,P450_cycloAA_1,3
Mycofactocin_RRE,ATP-grasp_4,3
mycofactocin,ATP-grasp_4,3
mycofact_TetR,/NonD,3
mycofact_TetR,ATP-grasp_4,3
MmgE_PrpD,mycofact_TetR,3
MmgE_PrpD,mycofact_rSAM,3
MmgE_PrpD,actino_HemFlav,3
MmgE_PrpD,mycofact_creat,3
TetR_N,Acetyltransf_1,3
HTH_20,mycofact_OYE_2,3
HTH_20,mycofact_OYE_1,3
HTH_20,actino_HemFlav,3
AHSA1,Methyltransf_11,3
Rxyl_3153,Creatininase,3
Thioesterase,mycofact_OYE_1,3
Thioesterase,mycofact_OYE_2,3
Thioesterase,ETF_alpha,3
Thioesterase,GG-red-SF,3
Thioesterase,mft_etfB,3
Thioesterase,SDR_subfam_2,3
Stand_Alone_Lasso_RRE,SDR_subfam_1,3
Stand_Alone_Lasso_RRE,Glyoxalase_6,3
Stand_Alone_Lasso_RRE,Fer4_13,3
MLTR_LBD,FA_desaturase,3
MLTR_LBD,MmgE_PrpD_C,3
Hva1_TUDOR,Chorismate_bind,3
nico,HisKA_3,3
adk,adh_short,3
Ac_CoA_lig_AcsA,adh_short,3
Pribosyltran,actino_HemFlav,3
Pribosyltran,mycofact_creat,3
Pribosyltran,mycofact_rSAM,3
Pribosyltran,Mycofactocin_RRE,3
Pribosyltran,mycofactocin,3
Phosphodiest,Response_reg,3
Aldo_ket_red,PA_CoA_Oxy5,3
Gpr1_Fun34_YaaH,Fe-ADH,3
nico,Fe-ADH,3
nico,VWA_CoxE,3
ETF_alpha,ntrC,3
nico,mycofactocin,3
nico,Mycofactocin_RRE,3
nico,mycofact_rSAM,3
nico,actino_HemFlav,3
Phage_integrase,mycofact_creat,3
mycofact_glyco,ntrC,3
Fe-ADH,Flavodoxin_2,3
ETF,VWA_CoxE,3
actino_HemFlav,DUF664,3
actino_HemFlav,Flavodoxin_2,3
Fer4_2,NUDIX,3
GerE,adh_short,3
HpaR,mycofact_creat,3
HpaR,actino_HemFlav,3
HpaR,mycofact_rSAM,3
FeS_nifS,mycofact_glyco,3
Creatininase,mft_etfB,3
Creatininase,GG-red-SF,3
Creatininase,ETF_alpha,3
Rhodanese,mycofact_rSAM,3
Rhodanese,Mycofactocin_RRE,3
Rhodanese,mycofactocin,3
Rhodanese,actino_HemFlav,3
actino_HemFlav,HAD-SF-IB-hyp1,3
mycofact_rSAM,acyl_WS_DGAT,3
Mycofactocin_RRE,acyl_WS_DGAT,3
mycofactocin,acyl_WS_DGAT,3
HTH_8,mycofact_glyco,3
HTH_8,SDR_subfam_2,3
HTH_8,mycofact_creat,3
HTH_8,actino_HemFlav,3
HTH_8,mycofact_rSAM,3
HTH_8,Mycofactocin_RRE,3
HTH_8,mycofactocin,3
Rxyl_3153,HTH_8,3
G3P_acyltransf,adh_short_C2,3
HpaR,mycofactocin,3
HpaR,Mycofactocin_RRE,3
GG-red-SF,ntrC,3
Mycofactocin_RRE,ntrC,3
FeS_nifS,Mycofactocin_RRE,3
PhnT2,actino_HemFlav,3
mycofactocin,urea_trans_UrtD,3
Mycofactocin_RRE,urea_trans_UrtD,3
mycofact_rSAM,urea_trans_UrtD,3
mycofact_creat,Peripla_BP_6,3
SDR_subfam_2,BPD_transp_2,3
SDR_subfam_2,Peripla_BP_6,3
SDR_subfam_2,Flavin_Reduct,3
MPAB_Lcp_cat,mycofact_TetR,3
PhnT2,mycofactocin,3
PhnT2,Mycofactocin_RRE,3
PhnT2,mycofact_rSAM,3
PhnT2,mycofact_creat,3
mycofactocin,ntrC,3
PhnT2,mycofact_glyco,3
mycofact_creat,Clp_N,3
mycofactocin,Clp_N,3
Mycofactocin_RRE,Clp_N,3
mycofact_rSAM,Clp_N,3
mycofact_glyco,Clp_N,3
CSD,mycofactocin,3
CSD,Mycofactocin_RRE,3
CSD,mycofact_rSAM,3
ant_ant_sig,mycofact_creat,3
ant_ant_sig,mycofact_glyco,3
mycofact_TetR,Peripla_BP_6,3
Flavin_Reduct,TetR_N,3
p450,actino_HemFlav,3
p450,mycofact_rSAM,3
Pyr_redox_2,Fer4_13,3
P450_rel_GT_act,Pyr_redox_2,3
nickel_nikC,mycofact_creat,3
TetR_C_11,mycofact_TetR,3
TetR_C_11,mycofact_creat,3
TetR_C_11,actino_HemFlav,3
3oxo_ACP_reduc,Pyr_redox_2,3
TetR_N,decarb_PcaC,3
EAL,DUF1707,3
DUF418,TetR_N,3
DUF952,TetR_N,3
mycofact_creat,TRX_reduct,3
mycofact_rSAM,omega_3_PfaA,3
Mycofactocin_RRE,omega_3_PfaA,3
mycofactocin,omega_3_PfaA,3
Aldo_ket_red,Polyketide_cyc2,3
GAF,Fe-ADH,3
GAF,HisKA_3,3
GAF,Response_reg,3
Peripla_BP_6,urea_trans_UrtD,3
p450,mycofactocin,3
p450,Mycofactocin_RRE,3
TetR_N,Peripla_BP_6,3
FeS_nifS,mycofactocin,3
FeS_nifS,mycofact_rSAM,3
SnoaL_2,FA_desaturase,3
DJ-1_PfpI,Rv0697,3
T7SS_ESX_EspC,SPW,3
T7SS_ESX_EspC,TetR_N,3
Usp,AAA_5,3
quinone_pig3,SDR_subfam_1,3
Fer4_2,phoR_proteo,3
Methyltransf_25,adh_short,3
Aldo_ket_red,Pyr_redox_2,3
Aldo_ket_red,TetR_N,3
Aldo_ket_red,Rv0697,3
MarR_2,SDR_subfam_1,3
DJ-1_PfpI,mycofact_glyco,3
DAO,mycofact_TetR,3
PA_CoA_Oxy5,GerE,3
DAO,Rv0697,3
DAO,mycofactocin,3
DAO,Mycofactocin_RRE,3
HisKA_3,Transp_cyt_pur,3
HisKA_3,Asp_Glu_race,3
DAO,mycofact_rSAM,3
DAO,actino_HemFlav,3
Fe-ADH,Transp_cyt_pur,3
Fe-ADH,Asp_Glu_race,3
DAO,mycofact_creat,3
PA_CoA_Oxy5,phnR_burk,3
T7SS_ESX_EspC,PA_CoA_Oxy5,3
T7SS_ESX_EspC,mycofact_OYE_1,3
T7SS_ESX_EspC,SDR_subfam_1,3
T7SS_ESX_EspC,mycofact_OYE_2,3
SnoaL_2,TIGR00147,3
SnoaL_2,MmgE_PrpD_C,3
SnoaL_2,MLTR_LBD,3
Rv0697,FA_desaturase,3
Rv0697,MmgE_PrpD_C,3
mycofact_TetR,MmgE_PrpD_C,3
mycofactocin,MmgE_PrpD_C,3
Mycofactocin_RRE,MmgE_PrpD_C,3
mycofact_rSAM,MmgE_PrpD_C,3
actino_HemFlav,MmgE_PrpD_C,3
mycofact_creat,MmgE_PrpD_C,3
mycofact_glyco,TIGR00147,3
mycofact_glyco,MmgE_PrpD_C,3
SDR_subfam_1,MmgE_PrpD_C,3
Abhydrolase_6,Pyr_redox_2,3
Aldedh,ABC2_membrane,3
Transp_cyt_pur,mycofact_glyco,3
FeFe_hydrog_B1,Rxyl_3153,3
Alpha-amylase,mycofact_glyco,3
Aldedh,HIBADH,3
HIBADH,mycofact_TetR,3
HIBADH,SDR_subfam_2,3
nickel_nikD,mycofact_glyco,3
DAO,mycofact_glyco,3
SDR_subfam_2,Methyltransf_19,3
mft_etfB,TetR_N,3
mycofact_rSAM,Uma2,3
Mycofactocin_RRE,acolac_lg,3
mycofactocin,acolac_lg,3
mycofact_TetR,acolac_lg,3
Fer2,mycofactocin,3
Fer2,Mycofactocin_RRE,3
mycofactocin,SoxH_rel_PQQ_2,3
mycofactocin,Uma2,3
Fer2,mycofact_rSAM,3
Mycofactocin_RRE,SoxH_rel_PQQ_2,3
Mycofactocin_RRE,Uma2,3
mycofact_rSAM,SoxH_rel_PQQ_2,3
Fer2,SDR_subfam_2,3
mycofact_creat,Methyltransf_19,3
mycofact_OYE_1,SoxH_rel_PQQ_2,3
mycofact_OYE_1,Uma2,3
mycofact_OYE_2,SoxH_rel_PQQ_2,3
mycofact_OYE_2,Uma2,3
ETF_alpha,SoxH_rel_PQQ_2,3
ETF_alpha,Uma2,3
GG-red-SF,SoxH_rel_PQQ_2,3
GG-red-SF,Uma2,3
fkbM_fam,Mycofactocin_RRE,3
fkbM_fam,mycofactocin,3
Fer4_2,P450_cycloAA_1,3
mycofact_rSAM,acolac_lg,3
mycofact_creat,acolac_lg,3
mycofact_glyco,acolac_lg,3
actino_HemFlav,acolac_lg,3
actino_HemFlav,Methyltransf_19,3
PGDH,Sig70_famx2,3
PGDH,Glyoxalase_6,3
SDR_subfam_1,Abhydrolase_1,3
phoR_proteo,MFS_1,3
ETF_alpha,Fe-ADH,3
Mycofactocin_RRE,SBP_bac_1,3
mycofact_creat,SBP_bac_1,3
pucE,CO_dehy_Mo_lg,3
ETF,Fe-ADH,3
COXG,pucE,3
SnoaL_4,CO_dehy_Mo_lg,3
SnoaL_4,FAD_binding_5,3
AFOR_C,Fe-ADH,3
AFOR_C,phoR_proteo,3
SnoaL_4,pucE,3
DUF779,Methyltransf_25,3
SnoaL_4,COXG,3
ECH_1,CO_dehy_Mo_lg,3
ECH_1,FAD_binding_5,3
Uma2,SoxH_rel_PQQ_2,3
ECH_1,pucE,3
ECH_1,COXG,3
Hva1_TUDOR,DUF3293,3
ATPase-IB_hvy,actino_HemFlav,3
actino_HemFlav,TRX_reduct,3
MbtH,AA-adenyl-dom,3
PEP_resp_reg,actino_HemFlav,3
sigma70-ECF,mycofactocin,3
2A0121,mycofact_creat,3
Mycofactocin_RRE,PIN,3
mycofact_TetR,PIN,3
AAA_33,mycofact_glyco,3
sigma70-ECF,mycofact_creat,3
VWA_CoxE,PEP_resp_reg,3
sigma70-ECF,mycofact_glyco,3
2-Hacid_dh_C,mycofact_creat,3
FecCD,Peripla_BP_2,3
FecCD,mycofactocin,3
FecCD,Mycofactocin_RRE,3
ATPase-IB_hvy,mycofact_rSAM,3
AAA_5,Isochorismatase,3
ATPase-IB_hvy,Mycofactocin_RRE,3
ATPase-IB_hvy,mycofactocin,3
FecCD,mycofact_rSAM,3
AA-adenyl-dom,Pyr_redox_2,3
AA-adenyl-dom,glut_race,3
AA-adenyl-dom,DNA_alkylation,3
AA-adenyl-dom,PA_CoA_Oxy5,3
mycofact_rSAM,P_acnes_RR,3
AA-adenyl-dom,TetR_C_1,3
mycofactocin,Cupin_3,3
AA-adenyl-dom,Rv0697,3
AA-adenyl-dom,GAF,3
PEP_resp_reg,SDR_subfam_2,3
2A0121,actino_HemFlav,3
SDR_subfam_1,PIN,3
sigma70-ECF,actino_HemFlav,3
adh_short,mft_etfB,3
AAA_33,mycofact_rSAM,3
mycofact_TetR,MCPsignal,3
SDR_subfam_1,MaoC_dehydratas,3
mycofactocin,MCPsignal,3
AAA_33,actino_HemFlav,3
SIP,SDR_subfam_2,3
AA-adenyl-dom,TetR_N,3
AAA_33,Mycofactocin_RRE,3
Mycofactocin_RRE,MCPsignal,3
2-Hacid_dh_C,actino_HemFlav,3
actino_HemFlav,PIN,3
mycofact_rSAM,MCPsignal,3
2-Hacid_dh_C,mycofact_TetR,3
adh_short,GG-red-SF,3
MaoC_dehydratas,SDR_subfam_2,3
adh_short,ETF_alpha,3
AAA_33,mycofact_creat,3
2-Hacid_dh_C,mycofact_rSAM,3
2-Hacid_dh_C,Mycofactocin_RRE,3
HAD-SF-IB-hyp1,mycofact_TetR,3
2-Hacid_dh_C,mycofactocin,3
sigma70-ECF,mycofact_rSAM,3
SDR_subfam_1,UPF0225,3
Rv0697,PIN,3
sigma70-ECF,Mycofactocin_RRE,3
mycofact_glyco,citE,3
DUF418,CO_dehy_Mo_lg,3
SBP_bac_5,Amidohydro_2,3
Rxyl_3153,P_acnes_RR,3
MTES_1575,TetR_N,3
DUF418,4hydroxCoAred,3
nickel_nikD,SBP_bac_5,3
nickel_nikB,Amidohydro_2,3
FecCD,actino_HemFlav,3
Alpha-amylase,mycofact_TetR,3
DUF418,mycofact_glyco,3
DUF3293,Chorismate_bind,3
FecCD,mycofact_creat,3
DUF418,Phosphodiest,3
Mycofactocin_RRE,ccpA,3
Usp,P_acnes_RR,3
nickel_nikD,Amidohydro_2,3
AAA_5,Alpha-amylase,3
Mycofactocin_RRE,P_acnes_RR,3
mycofactocin,P_acnes_RR,3
nickel_nikE,Amidohydro_2,3
TetR_N,Fer4_13,3
mycofact_TetR,P_acnes_RR,3
nickel_nikC,Amidohydro_2,3
